event_id,game_id,date,phase,away_team,home_team,period,clock,needs_manual_video,label_touched_last,final_call,leak_orig_call,leak_review_result,leak_challenging_team,leak_successful,leak_mandatory,video_path,n_frames,fps,width,height,scale_factor,total_motion,touch_frame,toucher_box,light_team,dark_team,url
20250312_CHAatATL_P2_0218_0,0022400945,2025-03-12,regular,CHA,ATL,2,02:18.0,0,AWAY,Home Team Ball,Home Team Ball,Stands,CHA,Unsuccessful,Non-Mandatory,,,,,,,,,,,,https://dmmx2.nba.com/videourlredirect?&project=/ON-AIR/0022400945_20250312_202941
20241125_DALatATL_P1_0457_0,0022400280,2024-11-25,regular,DAL,ATL,1,04:57.0,0,AWAY,Home Team Ball,Home Team Ball,Stands,DAL,Unsuccessful,Mandatory,,,,,,,,,,,,https://dmmx2.nba.com/videourlredirect?&project=/ON-AIR/0022400280_20241125_195517
20250128_HOUatATL_P2_0856_0,0022400532,2025-01-28,regular,HOU,ATL,2,08:56.0,0,AWAY,Home Team Ball,Away Team Ball,Overturned,ATL,Successful,Mandatory,,,,,,,,,,,,https://dmmx2.nba.com/videourlredirect?&project=/ON-AIR/0022400532_20250128_201425
20250306_INDatATL_P3_0314_0,0022400899,2025-03-06,regular,IND,ATL,3,03:14.0,0,AWAY,Home Team Ball,Away Team Ball,Overturned,ATL,Successful,Non-Mandatory,,,,,,,,,,,,https://dmmx2.nba.com/videourlredirect?&project=/ON-AIR/0022400899_20250306_211029
20250314_LACatATL_P3_1001_0,0022400960,2025-03-14,regular,LAC,ATL,3,10:01.0,0,HOME,Away Team Ball,Home Team Ball,Overturned,LAC,Successful,Mandatory,,,,,,,,,,,,https://dmmx2.nba.com/videourlredirect?&project=/ON-AIR/0022400960_20250314_205042
20241206_LALatATL_P2_0335_0,0022400334,2024-12-06,regular,LAL,ATL,2,03:35.0,0,AWAY,Home Team Ball,Away Team Ball,Overturned,ATL,Successful,Non-Mandatory,,,,,,,,,,,,https://dmmx2.nba.com/videourlredirect?&project=/ON-AIR/0022400334_20241206_202501
20241206_LALatATL_P5_0025_9,0022400334,2024-12-06,regular,LAL,ATL,5,00:25.9,0,HOME,Away Team Ball,Home Team Ball,Overturned,LAL,Successful,Non-Mandatory,,,,,,,,,,,,https://dmmx2.nba.com/videourlredirect?&project=/ON-AIR/0022400334_20241206_221626
20241221_MEMatATL_P4_0857_0,0022400378,2024-12-21,regular,MEM,ATL,4,08:57.0,0,HOME,Away Team Ball,Home Team Ball,Overturned,MEM,Successful,Mandatory,,,,,,,,,,,,https://dmmx2.nba.com/videourlredirect?&project=/ON-AIR/0022400378_20241221_212539
20250418_MIAatATL_P2_0232_0,0052400201,2025-04-18,playin,MIA,ATL,2,02:32.0,0,AWAY,Home Team Ball,Jump Ball,Overturned,ATL,Successful,Non-Mandatory,,,,,,,,,,,,https://dmmx2.nba.com/videourlredirect?&project=/ON-AIR/0052400201_20250418_195949
20250207_MILatATL_P4_1115_0,0022400736,2025-02-07,regular,MIL,ATL,4,11:15.0,0,AWAY,Home Team Ball,Away Team Ball,Overturned,ATL,Successful,Mandatory,,,,,,,,,,,,https://dmmx2.nba.com/videourlredirect?&project=/ON-AIR/0022400736_20250207_211826
20250304_MILatATL_P4_0134_0,0022400884,2025-03-04,regular,MIL,ATL,4,01:34.0,0,AWAY,Home Team Ball,Home Team Ball,Stands,MIL,Unsuccessful,Non-Mandatory,,,,,,,,,,,,https://dmmx2.nba.com/videourlredirect?&project=/ON-AIR/0022400884_20250304_214225
20241202_NOPatATL_P3_0619_0,0022400315,2024-12-02,regular,NOP,ATL,3,06:19.0,0,HOME,Away Team Ball,Home Team Ball,Overturned,NOP,Successful,Mandatory,,,,,,,,,,,,https://dmmx2.nba.com/videourlredirect?&project=/ON-AIR/0022400315_20241202_210818
20241106_NYKatATL_P1_0205_0,0022400171,2024-11-06,regular,NYK,ATL,1,02:05.0,0,HOME,Away Team Ball,Home Team Ball,Overturned,NYK,Successful,Non-Mandatory,,,,,,,,,,,,https://dmmx2.nba.com/videourlredirect?&project=/ON-AIR/0022400171_20241106_195957
20250405_NYKatATL_P4_0829_0,0022401128,2025-04-05,regular,NYK,ATL,4,08:29.0,0,AWAY,Home Team Ball,Away Team Ball,Overturned,ATL,Successful,Mandatory,,,,,,,,,,,,https://dmmx2.nba.com/videourlredirect?&project=/ON-AIR/0022401128_20250405_165617
20250228_OKCatATL_P1_0316_0,0022400851,2025-02-28,regular,OKC,ATL,1,03:16.0,0,HOME,Away Team Ball,Home Team Ball,Overturned,OKC,Successful,Mandatory,,,,,,,,,,,,https://dmmx2.nba.com/videourlredirect?&project=/ON-AIR/0022400851_20250228_195640
20241014_PHIatATL_P2_0042_3,0012400046,2024-10-14,preseason,PHI,ATL,2,00:42.3,0,HOME,Away Team Ball,Home Team Ball,Overturned,PHI,Successful,Non-Mandatory,,,,,,,,,,,,https://dmmx2.nba.com/videourlredirect?&project=/ON-AIR/0012400046_20241014_204013
20250310_PHIatATL_P3_1104_0,0022400928,2025-03-10,regular,PHI,ATL,3,11:04.0,0,HOME,Away Team Ball,Home Team Ball,Overturned,PHI,Successful,Non-Mandatory,,,,,,,,,,,,https://dmmx2.nba.com/videourlredirect?&project=/ON-AIR/0022400928_20250310_205219
20250114_PHXatATL_P3_0721_0,0022400556,2025-01-14,regular,PHX,ATL,3,07:21.0,0,HOME,Away Team Ball,Home Team Ball,Overturned,PHX,Successful,Mandatory,,,,,,,,,,,,https://dmmx2.nba.com/videourlredirect?&project=/ON-AIR/0022400556_20250114_205927
20250406_UTAatATL_P1_0426_0,0022401136,2025-04-06,regular,UTA,ATL,1,04:26.0,0,HOME,Away Team Ball,Home Team Ball,Overturned,UTA,Successful,Mandatory,,,,,,,,,,,,https://dmmx2.nba.com/videourlredirect?&project=/ON-AIR/0022401136_20250406_182601
20241028_WASatATL_P2_0357_0,0022400103,2024-10-28,regular,WAS,ATL,2,03:57.0,0,AWAY,Home Team Ball,Home Team Ball,Stands,WAS,Unsuccessful,Mandatory,,,,,,,,,,,,https://dmmx2.nba.com/videourlredirect?&project=/ON-AIR/0022400103_20241028_202703
20241115_WASatATL_P2_0735_0,0022400012,2024-11-15,regular,WAS,ATL,2,07:35.0,0,HOME,Away Team Ball,Away Team Ball,Stands,ATL,Unsuccessful,Mandatory,,,,,,,,,,,,https://dmmx2.nba.com/videourlredirect?&project=/ON-AIR/0022400012_20241115_201956
20250315_BOSatBKN_P3_1149_0,0022400968,2025-03-15,regular,BOS,BKN,3,11:49.0,0,AWAY,Home Team Ball,Away Team Ball,Overturned,BKN,Successful,Mandatory,,,,,,,,,,,,https://dmmx2.nba.com/videourlredirect?&project=/ON-AIR/0022400968_20250315_192200
20241119_CHAatBKN_P3_0626_0,0022400022,2024-11-19,regular,CHA,BKN,3,06:26.0,0,HOME,Away Team Ball,Away Team Ball,Stands,BKN,Unsuccessful,Non-Mandatory,,,,,,,,,,,,https://dmmx2.nba.com/videourlredirect?&project=/ON-AIR/0022400022_20241119_211421
20250324_DALatBKN_P1_0518_0,0022401040,2025-03-24,regular,DAL,BKN,1,05:18.0,0,HOME,Away Team Ball,Away Team Ball,Stands,BKN,Unsuccessful,Mandatory,,,,,,,,,,,,https://dmmx2.nba.com/videourlredirect?&project=/ON-AIR/0022401040_20250324_195305
20241029_DENatBKN_P3_0418_0,0022400113,2024-10-29,regular,DEN,BKN,3,04:18.0,0,AWAY,Home Team Ball,Away Team Ball,Overturned,BKN,Successful,Mandatory,,,,,,,,,,,,https://dmmx2.nba.com/videourlredirect?&project=/ON-AIR/0022400113_20241029_211451
20250306_GSWatBKN_P3_0239_0,0022400901,2025-03-06,regular,GSW,BKN,3,02:39.0,0,HOME,Away Team Ball,Away Team Ball,Stands,BKN,Unsuccessful,Non-Mandatory,,,,,,,,,,,,https://dmmx2.nba.com/videourlredirect?&project=/ON-AIR/0022400901_20250306_212132
20250204_HOUatBKN_P2_0304_0,0022400711,2025-02-04,regular,HOU,BKN,2,03:04.0,0,AWAY,Home Team Ball,Away Team Ball,Overturned,BKN,Successful,Mandatory,,,,,,,,,,,,https://dmmx2.nba.com/videourlredirect?&project=/ON-AIR/0022400711_20250204_202827
20241204_INDatBKN_P4_0322_0,0022400320,2024-12-04,regular,IND,BKN,4,03:22.0,0,AWAY,Home Team Ball,Away Team Ball,Overturned,BKN,Successful,Non-Mandatory,,,,,,,,,,,,https://dmmx2.nba.com/videourlredirect?&project=/ON-AIR/0022400320_20241204_214626
20250106_INDatBKN_P2_0426_0,0022400495,2025-01-06,regular,IND,BKN,2,04:26.0,0,AWAY,Home Team Ball,Away Team Ball,Overturned,BKN,Successful,Non-Mandatory,,,,,,,,,,,,https://dmmx2.nba.com/videourlredirect?&project=/ON-AIR/0022400495_20250106_202618
20241104_MEMatBKN_P3_0716_0,0022400158,2024-11-04,regular,MEM,BKN,3,07:16.0,0,HOME,Away Team Ball,Home Team Ball,Overturned,MEM,Successful,Mandatory,,,,,,,,,,,,https://dmmx2.nba.com/videourlredirect?&project=/ON-AIR/0022400158_20241104_212021
20250125_MIAatBKN_P3_1200_0,0022400636,2025-01-25,regular,MIA,BKN,3,12:00.0,0,HOME,Away Team Ball,Away Team Ball,Stands,BKN,Unsuccessful,Mandatory,,,,,,,,,,,,https://dmmx2.nba.com/videourlredirect?&project=/ON-AIR/0022400636_20250125_195510
20250403_MINatBKN_P4_0152_0,0022401113,2025-04-03,regular,MIN,BKN,4,01:52.0,0,AWAY,Home Team Ball,Home Team Ball,Stands,MIN,Unsuccessful,Non-Mandatory,,,,,,,,,,,,https://dmmx2.nba.com/videourlredirect?&project=/ON-AIR/0022401113_20250403_214719
20250121_NYKatBKN_P4_0716_0,0022400606,2025-01-21,regular,NYK,BKN,4,07:16.0,0,HOME,Away Team Ball,Home Team Ball,Overturned,NYK,Successful,Mandatory,,,,,,,,,,,,https://dmmx2.nba.com/videourlredirect?&project=/ON-AIR/0022400606_20250121_213114
20250413_NYKatBKN_P1_0259_0,0022401188,2025-04-13,regular,NYK,BKN,1,02:59.0,0,AWAY,Home Team Ball,Away Team Ball,Overturned,BKN,Successful,Non-Mandatory,,,,,,,,,,,,https://dmmx2.nba.com/videourlredirect?&project=/ON-AIR/0022401188_20250413_133142
20250212_PHIatBKN_P1_0620_0,0022400772,2025-02-12,regular,PHI,BKN,1,06:20.0,0,HOME,Away Team Ball,Away Team Ball,Stands,BKN,Unsuccessful,Mandatory,,,,,,,,,,,,https://dmmx2.nba.com/videourlredirect?&project=/ON-AIR/0022400772_20250212_195209
20241227_SASatBKN_P4_1147_0,0022400421,2024-12-27,regular,SAS,BKN,4,11:47.0,0,AWAY,Home Team Ball,Away Team Ball,Overturned,BKN,Successful,Mandatory,,,,,,,,,,,,https://dmmx2.nba.com/videourlredirect?&project=/ON-AIR/0022400421_20241227_212857
20250326_TORatBKN_P4_0906_0,0022401054,2025-03-26,regular,TOR,BKN,4,09:06.0,0,AWAY,Home Team Ball,Away Team Ball,Overturned,BKN,Successful,Mandatory,,,,,,,,,,,,https://dmmx2.nba.com/videourlredirect?&project=/ON-AIR/0022401054_20250326_213104
20250406_TORatBKN_P2_1012_0,0022401134,2025-04-06,regular,TOR,BKN,2,10:12.0,0,HOME,Away Team Ball,Home Team Ball,Overturned,TOR,Successful,Mandatory,,,,,,,,,,,,https://dmmx2.nba.com/videourlredirect?&project=/ON-AIR/0022401134_20250406_161532
20250406_TORatBKN_P4_0203_0,0022401134,2025-04-06,regular,TOR,BKN,4,02:03.0,0,AWAY,Home Team Ball,Away Team Ball,Overturned,BKN,Successful,Non-Mandatory,,,,,,,,,,,,https://dmmx2.nba.com/videourlredirect?&project=/ON-AIR/0022401134_20250406_175039
20241221_UTAatBKN_P2_0219_0,0022400379,2024-12-21,regular,UTA,BKN,2,02:19.0,0,HOME,Away Team Ball,Home Team Ball,Overturned,UTA,Successful,Non-Mandatory,,,,,,,,,,,,https://dmmx2.nba.com/videourlredirect?&project=/ON-AIR/0022400379_20241221_203123
20241221_UTAatBKN_P3_0924_0,0022400379,2024-12-21,regular,UTA,BKN,3,09:24.0,0,AWAY,Home Team Ball,Away Team Ball,Overturned,BKN,Successful,Mandatory,,,,,,,,,,,,https://dmmx2.nba.com/videourlredirect?&project=/ON-AIR/0022400379_20241221_205558
20241108_BKNatBOS_P3_0652_0,0022400187,2024-11-08,regular,BKN,BOS,3,06:52.0,0,AWAY,Home Team Ball,Away Team Ball,Overturned,BOS,Successful,Mandatory,,,,,,,,,,,,https://dmmx2.nba.com/videourlredirect?&project=/ON-AIR/0022400187_20241108_210012
20250411_CHAatBOS_P2_0926_0,0022401174,2025-04-11,regular,CHA,BOS,2,09:26.0,0,HOME,Away Team Ball,Home Team Ball,Overturned,CHA,Successful,Mandatory,,,,,,,,,,,,https://dmmx2.nba.com/videourlredirect?&project=/ON-AIR/0022401174_20250411_200912
20250413_CHAatBOS_P2_0255_0,0022401187,2025-04-13,regular,CHA,BOS,2,02:55.0,0,HOME,Away Team Ball,Away Team Ball,Stands,BOS,Unsuccessful,Mandatory,,,,,,,,,,,,https://dmmx2.nba.com/videourlredirect?&project=/ON-AIR/0022401187_20250413_135050
20241219_CHIatBOS_P3_0852_0,0022400372,2024-12-19,regular,CHI,BOS,3,08:52.0,0,HOME,Away Team Ball,Away Team Ball,Stands,BOS,Unsuccessful,Mandatory,,,,,,,,,,,,https://dmmx2.nba.com/videourlredirect?&project=/ON-AIR/0022400372_20241219_204832
20250129_CHIatBOS_P2_0756_0,0022400666,2025-01-29,regular,CHI,BOS,2,07:56.0,0,AWAY,Home Team Ball,Away Team Ball,Overturned,BOS,Successful,Mandatory,,,,,,,,,,,,https://dmmx2.nba.com/videourlredirect?&project=/ON-AIR/0022400666_20250129_201918
20250129_CHIatBOS_P3_0423_0,0022400666,2025-01-29,regular,CHI,BOS,3,04:23.0,0,HOME,Away Team Ball,Away Team Ball,Stands,BOS,Unsuccessful,Non-Mandatory,,,,,,,,,,,,https://dmmx2.nba.com/videourlredirect?&project=/ON-AIR/0022400666_20250129_210548
20241119_CLEatBOS_P4_0112_0,0022400021,2024-11-19,regular,CLE,BOS,4,01:12.0,0,HOME,Away Team Ball,Jump Ball,Overturned,CLE,Successful,Non-Mandatory,,,,,,,,,,,,https://dmmx2.nba.com/videourlredirect?&project=/ON-AIR/0022400021_20241119_211225
20250228_CLEatBOS_P3_0517_0,0022400852,2025-02-28,regular,CLE,BOS,3,05:17.0,0,HOME,Away Team Ball,Home Team Ball,Overturned,CLE,Successful,Mandatory,,,,,,,,,,,,https://dmmx2.nba.com/videourlredirect?&project=/ON-AIR/0022400852_20250228_211311
20241204_DETatBOS_P4_0115_0,0022400319,2024-12-04,regular,DET,BOS,4,01:15.0,0,HOME,Away Team Ball,Away Team Ball,Stands,BOS,Unsuccessful,Non-Mandatory,,,,,,,,,,,,https://dmmx2.nba.com/videourlredirect?&project=/ON-AIR/0022400319_20241204_214832
20250308_LALatBOS_P3_0411_0,0022400918,2025-03-08,regular,LAL,BOS,3,04:11.0,0,AWAY,Home Team Ball,Away Team Ball,Overturned,BOS,Successful,Mandatory,,,,,,,,,,,,https://dmmx2.nba.com/videourlredirect?&project=/ON-AIR/0022400918_20250308_221548
20241207_MEMatBOS_P4_0515_0,0022400345,2024-12-07,regular,MEM,BOS,4,05:15.0,0,HOME,Away Team Ball,Away Team Ball,Stands,BOS,Unsuccessful,Non-Mandatory,,,,,,,,,,,,https://dmmx2.nba.com/videourlredirect?&project=/ON-AIR/0022400345_20241207_221722
20241207_MEMatBOS_P1_0017_1,0022400345,2024-12-07,regular,MEM,BOS,1,00:17.1,0,HOME,Away Team Ball,Home Team Ball,Overturned,MEM,Successful,Non-Mandatory,,,,,,,,,,,,https://dmmx2.nba.com/videourlredirect?&project=/ON-AIR/0022400345_20241207_222724
20241028_MILatBOS_P1_0947_0,0022400104,2024-10-28,regular,MIL,BOS,1,09:47.0,0,AWAY,Home Team Ball,Away Team Ball,Overturned,BOS,Successful,Mandatory,,,,,,,,,,,,https://dmmx2.nba.com/videourlredirect?&project=/ON-AIR/0022400104_20241028_194423
20241206_MILatBOS_P4_0541_0,0022400335,2024-12-06,regular,MIL,BOS,4,05:41.0,0,AWAY,Home Team Ball,Away Team Ball,Overturned,BOS,Successful,Mandatory,,,,,,,,,,,,https://dmmx2.nba.com/videourlredirect?&project=/ON-AIR/0022400335_20241206_213801
20250507_NYKatBOS_P3_0417_0,0042400212,2025-05-07,playoffs,NYK,BOS,3,04:17.0,0,AWAY,Home Team Ball,Away Team Ball,Overturned,BOS,Successful,Mandatory,,,,,,,,,,,,https://dmmx2.nba.com/videourlredirect?&project=/ON-AIR/0042400212_20250507_203930
20250117_ORLatBOS_P4_1049_0,0022400577,2025-01-17,regular,ORL,BOS,4,10:49.0,0,AWAY,Home Team Ball,Away Team Ball,Overturned,BOS,Successful,Mandatory,,,,,,,,,,,,https://dmmx2.nba.com/videourlredirect?&project=/ON-AIR/0022400577_20250117_210958
20250117_ORLatBOS_P4_0900_0,0022400577,2025-01-17,regular,ORL,BOS,4,09:00.0,0,HOME,Away Team Ball,Home Team Ball,Overturned,ORL,Successful,Non-Mandatory,,,,,,,,,,,,https://dmmx2.nba.com/videourlredirect?&project=/ON-AIR/0022400577_20250117_211946
20250306_PHIatBOS_P2_0555_0,0022400900,2025-03-06,regular,PHI,BOS,2,05:55.0,0,HOME,Away Team Ball,Home Team Ball,Overturned,PHI,Successful,Non-Mandatory,,,,,,,,,,,,https://dmmx2.nba.com/videourlredirect?&project=/ON-AIR/0022400900_20250306_202346
20250305_PORatBOS_P4_0645_0,0022400891,2025-03-05,regular,POR,BOS,4,06:45.0,0,AWAY,Home Team Ball,Home Team Ball,Stands,POR,Unsuccessful,Mandatory,,,,,,,,,,,,https://dmmx2.nba.com/videourlredirect?&project=/ON-AIR/0022400891_20250305_205622
20241116_TORatBOS_P5_0033_6,0022400230,2024-11-16,regular,TOR,BOS,5,00:33.6,0,HOME,Away Team Ball,Home Team Ball,Overturned,TOR,Successful,Non-Mandatory,,,,,,,,,,,,https://dmmx2.nba.com/videourlredirect?&project=/ON-AIR/0022400230_20241116_223329
20241231_TORatBOS_P2_0852_0,0022400449,2024-12-31,regular,TOR,BOS,2,08:52.0,0,HOME,Away Team Ball,Home Team Ball,Overturned,TOR,Successful,Mandatory,,,,,,,,,,,,https://dmmx2.nba.com/videourlredirect?&project=/ON-AIR/0022400449_20241231_154258
20241231_TORatBOS_P3_0058_8,0022400449,2024-12-31,regular,TOR,BOS,3,00:58.8,0,HOME,Away Team Ball,Home Team Ball,Overturned,TOR,Successful,Non-Mandatory,,,,,,,,,,,,https://dmmx2.nba.com/videourlredirect?&project=/ON-AIR/0022400449_20241231_164118
20250310_UTAatBOS_P1_0010_6,0022400929,2025-03-10,regular,UTA,BOS,1,00:10.6,0,HOME,Away Team Ball,Home Team Ball,Overturned,UTA,Successful,Non-Mandatory,,,,,,,,,,,,https://dmmx2.nba.com/videourlredirect?&project=/ON-AIR/0022400929_20250310_200430
20241130_ATLatCHA_P3_0233_0,0022400300,2024-11-30,regular,ATL,CHA,3,02:33.0,0,HOME,Away Team Ball,Home Team Ball,Overturned,ATL,Successful,Non-Mandatory,,,,,,,,,,,,https://dmmx2.nba.com/videourlredirect?&project=/ON-AIR/0022400300_20241130_194131
20241101_BOSatCHA_P3_0810_0,0022400132,2024-11-01,regular,BOS,CHA,3,08:10.0,0,HOME,Away Team Ball,Home Team Ball,Overturned,BOS,Successful,Mandatory,,,,,,,,,,,,https://dmmx2.nba.com/videourlredirect?&project=/ON-AIR/0022400132_20241101_202659
20241102_BOSatCHA_P3_0621_0,0022400141,2024-11-02,regular,BOS,CHA,3,06:21.0,0,AWAY,Home Team Ball,Away Team Ball,Overturned,CHA,Successful,Mandatory,,,,,,,,,,,,https://dmmx2.nba.com/videourlredirect?&project=/ON-AIR/0022400141_20241102_193232
20250406_CHIatCHA_P4_1011_0,0022401133,2025-04-06,regular,CHI,CHA,4,10:11.0,0,AWAY,Home Team Ball,Home Team Ball,Stands,CHI,Unsuccessful,Mandatory,,,,,,,,,,,,https://dmmx2.nba.com/videourlredirect?&project=/ON-AIR/0022401133_20250406_145316
20250307_CLEatCHA_P3_0649_0,0022400904,2025-03-07,regular,CLE,CHA,3,06:49.0,0,AWAY,Home Team Ball,Away Team Ball,Overturned,CHA,Successful,Mandatory,,,,,,,,,,,,https://dmmx2.nba.com/videourlredirect?&project=/ON-AIR/0022400904_20250307_204352
20250131_LACatCHA_P2_0329_0,0022400679,2025-01-31,regular,LAC,CHA,2,03:29.0,0,AWAY,Home Team Ball,Home Team Ball,Stands,LAC,Unsuccessful,Mandatory,,,,,,,,,,,,https://dmmx2.nba.com/videourlredirect?&project=/ON-AIR/0022400679_20250131_195915
20250127_LALatCHA_P1_0604_0,0022400648,2025-01-27,regular,LAL,CHA,1,06:04.0,0,HOME,Away Team Ball,Jump Ball,Overturned,LAL,Successful,Non-Mandatory,,,,,,,,,,,,https://dmmx2.nba.com/videourlredirect?&project=/ON-AIR/0022400648_20250127_192500
20250127_LALatCHA_P3_0613_0,0022400648,2025-01-27,regular,LAL,CHA,3,06:13.0,0,HOME,Away Team Ball,Home Team Ball,Overturned,LAL,Successful,Mandatory,,,,,,,,,,,,https://dmmx2.nba.com/videourlredirect?&project=/ON-AIR/0022400648_20250127_203440
20250408_MEMatCHA_P2_0536_0,0022401146,2025-04-08,regular,MEM,CHA,2,05:36.0,0,HOME,Away Team Ball,Home Team Ball,Overturned,MEM,Successful,Mandatory,,,,,,,,,,,,https://dmmx2.nba.com/videourlredirect?&project=/ON-AIR/0022401146_20250408_194854
20250305_MINatCHA_P1_0918_0,0022400892,2025-03-05,regular,MIN,CHA,1,09:18.0,0,HOME,Away Team Ball,Home Team Ball,Overturned,MIN,Successful,Non-Mandatory,,,,,,,,,,,,https://dmmx2.nba.com/videourlredirect?&project=/ON-AIR/0022400892_20250305_191412
20250305_MINatCHA_P2_0042_6,0022400892,2025-03-05,regular,MIN,CHA,2,00:42.6,0,AWAY,Home Team Ball,Away Team Ball,Overturned,CHA,Successful,Non-Mandatory,,,,,,,,,,,,https://dmmx2.nba.com/videourlredirect?&project=/ON-AIR/0022400892_20250305_200324
20250125_NOPatCHA_P1_0315_0,0022400637,2025-01-25,regular,NOP,CHA,1,03:15.0,0,HOME,Away Team Ball,Home Team Ball,Overturned,NOP,Successful,Non-Mandatory,,,,,,,,,,,,https://dmmx2.nba.com/videourlredirect?&project=/ON-AIR/0022400637_20250125_193017
20241129_NYKatCHA_P3_0723_0,0022400040,2024-11-29,regular,NYK,CHA,3,07:23.0,0,HOME,Away Team Ball,Jump Ball,Overturned,NYK,Successful,Mandatory,,,,,,,,,,,,https://dmmx2.nba.com/videourlredirect?&project=/ON-AIR/0022400040_20241129_132757
20250320_NYKatCHA_P2_0757_0,0022401010,2025-03-20,regular,NYK,CHA,2,07:57.0,0,HOME,Away Team Ball,Home Team Ball,Overturned,NYK,Successful,Mandatory,,,,,,,,,,,,https://dmmx2.nba.com/videourlredirect?&project=/ON-AIR/0022401010_20250320_194949
20241203_PHIatCHA_P3_0837_0,0022400050,2024-12-03,regular,PHI,CHA,3,08:37.0,0,AWAY,Home Team Ball,Away Team Ball,Overturned,CHA,Successful,Mandatory,,,,,,,,,,,,https://dmmx2.nba.com/videourlredirect?&project=/ON-AIR/0022400050_20241203_202716
20250404_SACatCHA_P3_0300_0,0022401118,2025-04-04,regular,SAC,CHA,3,03:00.0,0,HOME,Away Team Ball,Home Team Ball,Overturned,SAC,Successful,Mandatory,,,,,,,,,,,,https://dmmx2.nba.com/videourlredirect?&project=/ON-AIR/0022401118_20250404_204219
20250331_UTAatCHA_P3_0217_0,0022401089,2025-03-31,regular,UTA,CHA,3,02:17.0,0,AWAY,Home Team Ball,Home Team Ball,Stands,UTA,Unsuccessful,Mandatory,,,,,,,,,,,,https://dmmx2.nba.com/videourlredirect?&project=/ON-AIR/0022401089_20250331_203628
20250115_ATLatCHI_P2_0357_0,0022400563,2025-01-15,regular,ATL,CHI,2,03:57.0,0,HOME,Away Team Ball,Home Team Ball,Overturned,ATL,Successful,Non-Mandatory,,,,,,,,,,,,https://dmmx2.nba.com/videourlredirect?&project=/ON-AIR/0022400563_20250115_205458
20250313_BKNatCHI_P1_0623_0,0022400956,2025-03-13,regular,BKN,CHI,1,06:23.0,0,HOME,Away Team Ball,Home Team Ball,Overturned,BKN,Successful,Mandatory,,,,,,,,,,,,https://dmmx2.nba.com/videourlredirect?&project=/ON-AIR/0022400956_20250313_202119
20241221_BOSatCHI_P3_0929_0,0022400381,2024-12-21,regular,BOS,CHI,3,09:29.0,0,AWAY,Home Team Ball,Away Team Ball,Overturned,CHI,Successful,Mandatory,,,,,,,,,,,,https://dmmx2.nba.com/videourlredirect?&project=/ON-AIR/0022400381_20241221_212053
20250117_CHAatCHI_P4_0242_0,0022400584,2025-01-17,regular,CHA,CHI,4,02:42.0,0,AWAY,Home Team Ball,Away Team Ball,Overturned,CHI,Successful,Non-Mandatory,,,,,,,,,,,,https://dmmx2.nba.com/videourlredirect?&project=/ON-AIR/0022400584_20250117_220853
20241018_CLEatCHI_P2_0716_0,0012400070,2024-10-18,preseason,CLE,CHI,2,07:16.0,0,HOME,Away Team Ball,Home Team Ball,Overturned,CLE,Successful,Mandatory,,,,,,,,,,,,https://dmmx2.nba.com/videourlredirect?&project=/ON-AIR/0012400070_20241018_205044
20241018_CLEatCHI_P4_0648_0,0012400070,2024-10-18,preseason,CLE,CHI,4,06:48.0,0,HOME,Away Team Ball,Away Team Ball,Stands,CHI,Unsuccessful,Mandatory,,,,,,,,,,,,https://dmmx2.nba.com/videourlredirect?&project=/ON-AIR/0012400070_20241018_215959
20241018_CLEatCHI_P5_0448_0,0012400070,2024-10-18,preseason,CLE,CHI,5,04:48.0,0,AWAY,Home Team Ball,Home Team Ball,Stands,CLE,Unsuccessful,Non-Mandatory,,,,,,,,,,,,https://dmmx2.nba.com/videourlredirect?&project=/ON-AIR/0012400070_20241018_222644
20241111_CLEatCHI_P3_0542_0,0022400212,2024-11-11,regular,CLE,CHI,3,05:42.0,0,HOME,Away Team Ball,Home Team Ball,Overturned,CLE,Successful,Mandatory,,,,,,,,,,,,https://dmmx2.nba.com/videourlredirect?&project=/ON-AIR/0022400212_20241111_212822
20250304_CLEatCHI_P3_0700_0,0022400886,2025-03-04,regular,CLE,CHI,3,07:00.0,0,HOME,Away Team Ball,Home Team Ball,Overturned,CLE,Successful,Mandatory,,,,,,,,,,,,https://dmmx2.nba.com/videourlredirect?&project=/ON-AIR/0022400886_20250304_214802
20250329_DALatCHI_P1_0217_0,0022401077,2025-03-29,regular,DAL,CHI,1,02:17.0,0,AWAY,Home Team Ball,Home Team Ball,Stands,DAL,Unsuccessful,Non-Mandatory,,,,,,,,,,,,https://dmmx2.nba.com/videourlredirect?&project=/ON-AIR/0022401077_20250329_203211
20250208_GSWatCHI_P3_1039_0,0022400745,2025-02-08,regular,GSW,CHI,3,10:39.0,0,AWAY,Home Team Ball,Home Team Ball,Stands,GSW,Unsuccessful,Non-Mandatory,,,,,,,,,,,,https://dmmx2.nba.com/videourlredirect?&project=/ON-AIR/0022400745_20250208_213338
20250114_NOPatCHI_P3_0247_0,0022400557,2025-01-14,regular,NOP,CHI,3,02:47.0,0,AWAY,Home Team Ball,Away Team Ball,Overturned,CHI,Successful,Mandatory,,,,,,,,,,,,https://dmmx2.nba.com/videourlredirect?&project=/ON-AIR/0022400557_20250114_214148
20250114_NOPatCHI_P4_0153_0,0022400557,2025-01-14,regular,NOP,CHI,4,01:53.0,0,HOME,Away Team Ball,Home Team Ball,Overturned,NOP,Successful,Non-Mandatory,,,,,,,,,,,,https://dmmx2.nba.com/videourlredirect?&project=/ON-AIR/0022400557_20250114_221323
20241026_OKCatCHI_P1_0857_0,0022400091,2024-10-26,regular,OKC,CHI,1,08:57.0,0,AWAY,Home Team Ball,Away Team Ball,Overturned,CHI,Successful,Mandatory,,,,,,,,,,,,https://dmmx2.nba.com/videourlredirect?&project=/ON-AIR/0022400091_20241026_201832
20250125_PHIatCHI_P4_0217_0,0022400642,2025-01-25,regular,PHI,CHI,4,02:17.0,0,HOME,Away Team Ball,Home Team Ball,Overturned,PHI,Successful,Non-Mandatory,,,,,,,,,,,,https://dmmx2.nba.com/videourlredirect?&project=/ON-AIR/0022400642_20250125_221050
20250404_PORatCHI_P4_0505_0,0022401122,2025-04-04,regular,POR,CHI,4,05:05.0,0,HOME,Away Team Ball,Home Team Ball,Overturned,POR,Successful,Non-Mandatory,,,,,,,,,,,,https://dmmx2.nba.com/videourlredirect?&project=/ON-AIR/0022401122_20250404_220515
20250106_SASatCHI_P3_0134_0,0022400498,2025-01-06,regular,SAS,CHI,3,01:34.0,0,HOME,Away Team Ball,Home Team Ball,Overturned,SAS,Successful,Non-Mandatory,,,,,,,,,,,,https://dmmx2.nba.com/videourlredirect?&project=/ON-AIR/0022400498_20250106_213733
20250106_SASatCHI_P4_0609_0,0022400498,2025-01-06,regular,SAS,CHI,4,06:09.0,0,HOME,Away Team Ball,Home Team Ball,Overturned,SAS,Successful,Mandatory,,,,,,,,,,,,https://dmmx2.nba.com/videourlredirect?&project=/ON-AIR/0022400498_20250106_220002
20250228_TORatCHI_P3_0530_0,0022400855,2025-02-28,regular,TOR,CHI,3,05:30.0,0,AWAY,Home Team Ball,Home Team Ball,Stands,TOR,Unsuccessful,Mandatory,,,,,,,,,,,,https://dmmx2.nba.com/videourlredirect?&project=/ON-AIR/0022400855_20250228_213526
20250411_WASatCHI_P2_0453_0,0022401176,2025-04-11,regular,WAS,CHI,2,04:53.0,0,AWAY,Home Team Ball,Home Team Ball,Stands,WAS,Unsuccessful,Mandatory,,,,,,,,,,,,https://dmmx2.nba.com/videourlredirect?&project=/ON-AIR/0022401176_20250411_205351
20241109_BKNatCLE_P1_0037_0,0022400199,2024-11-09,regular,BKN,CLE,1,00:37.0,0,HOME,Away Team Ball,Home Team Ball,Overturned,BKN,Successful,Non-Mandatory,,,,,,,,,,,,https://dmmx2.nba.com/videourlredirect?&project=/ON-AIR/0022400199_20241109_200918
20241109_BKNatCLE_P2_0457_0,0022400199,2024-11-09,regular,BKN,CLE,2,04:57.0,0,HOME,Away Team Ball,Away Team Ball,Stands,CLE,Unsuccessful,Non-Mandatory,,,,,,,,,,,,https://dmmx2.nba.com/videourlredirect?&project=/ON-AIR/0022400199_20241109_203458
20241109_BKNatCLE_P3_0307_0,0022400199,2024-11-09,regular,BKN,CLE,3,03:07.0,0,AWAY,Home Team Ball,Home Team Ball,Stands,BKN,Unsuccessful,Non-Mandatory,,,,,,,,,,,,https://dmmx2.nba.com/videourlredirect?&project=/ON-AIR/0022400199_20241109_211830
20250311_BKNatCLE_P4_0137_0,0022400940,2025-03-11,regular,BKN,CLE,4,01:37.0,0,AWAY,Home Team Ball,Away Team Ball,Overturned,CLE,Successful,Non-Mandatory,,,,,,,,,,,,https://dmmx2.nba.com/videourlredirect?&project=/ON-AIR/0022400940_20250311_210847
20241201_BOSatCLE_P4_0656_0,0022400307,2024-12-01,regular,BOS,CLE,4,06:56.0,0,AWAY,Home Team Ball,Home Team Ball,Stands,BOS,Unsuccessful,Mandatory,,,,,,,,,,,,https://dmmx2.nba.com/videourlredirect?&project=/ON-AIR/0022400307_20241201_195343
20241117_CHAatCLE_P3_0056_7,0022400236,2024-11-17,regular,CHA,CLE,3,00:56.7,0,HOME,Away Team Ball,Away Team Ball,Stands,CLE,Unsuccessful,Non-Mandatory,,,,,,,,,,,,https://dmmx2.nba.com/videourlredirect?&project=/ON-AIR/0022400236_20241117_195254
20250105_CHAatCLE_P2_0338_0,0022400488,2025-01-05,regular,CHA,CLE,2,03:38.0,0,AWAY,Home Team Ball,Away Team Ball,Overturned,CLE,Successful,Mandatory,,,,,,,,,,,,https://dmmx2.nba.com/videourlredirect?&project=/ON-AIR/0022400488_20250105_185911
20250105_CHAatCLE_P3_0838_0,0022400488,2025-01-05,regular,CHA,CLE,3,08:38.0,0,AWAY,Home Team Ball,Away Team Ball,Overturned,CLE,Successful,Mandatory,,,,,,,,,,,,https://dmmx2.nba.com/videourlredirect?&project=/ON-AIR/0022400488_20250105_192910
20241008_CHIatCLE_P2_0304_0,0012400016,2024-10-08,preseason,CHI,CLE,2,03:04.0,0,HOME,Away Team Ball,Home Team Ball,Overturned,CHI,Successful,Mandatory,,,,,,,,,,,,https://dmmx2.nba.com/videourlredirect?&project=/ON-AIR/0012400016_20241008_195549
20241205_DENatCLE_P1_0553_0,0022400325,2024-12-05,regular,DEN,CLE,1,05:53.0,0,HOME,Away Team Ball,Home Team Ball,Overturned,DEN,Successful,Non-Mandatory,,,,,,,,,,,,https://dmmx2.nba.com/videourlredirect?&project=/ON-AIR/0022400325_20241205_192613
20250127_DETatCLE_P2_0639_0,0022400649,2025-01-27,regular,DET,CLE,2,06:39.0,0,AWAY,Home Team Ball,Jump Ball,Overturned,DET,Unsuccessful,Mandatory,,,,,,,,,,,,https://dmmx2.nba.com/videourlredirect?&project=/ON-AIR/0022400649_20250127_195026
20241010_INDatCLE_P3_0027_8,0012400024,2024-10-10,preseason,IND,CLE,3,00:27.8,0,HOME,Away Team Ball,Away Team Ball,Stands,CLE,Unsuccessful,Non-Mandatory,,,,,,,,,,,,https://dmmx2.nba.com/videourlredirect?&project=/ON-AIR/0012400024_20241010_204320
20250413_INDatCLE_P2_0414_0,0022401189,2025-04-13,regular,IND,CLE,2,04:14.0,0,HOME,Away Team Ball,Home Team Ball,Overturned,IND,Successful,Non-Mandatory,,,,,,,,,,,,https://dmmx2.nba.com/videourlredirect?&project=/ON-AIR/0022401189_20250413_135631
20250504_INDatCLE_P4_0744_0,0042400201,2025-05-04,playoffs,IND,CLE,4,07:44.0,0,HOME,Away Team Ball,Away Team Ball,Stands,CLE,Unsuccessful,Mandatory,,,,,,,,,,,,https://dmmx2.nba.com/videourlredirect?&project=/ON-AIR/0042400201_20250504_200200
20250330_LACatCLE_P3_0325_0,0022401081,2025-03-30,regular,LAC,CLE,3,03:25.0,0,HOME,Away Team Ball,Home Team Ball,Overturned,LAC,Successful,Non-Mandatory,,,,,,,,,,,,https://dmmx2.nba.com/videourlredirect?&project=/ON-AIR/0022401081_20250330_171330
20250223_MEMatCLE_P3_0647_0,0022400819,2025-02-23,regular,MEM,CLE,3,06:47.0,0,AWAY,Home Team Ball,Away Team Ball,Overturned,CLE,Successful,Mandatory,,,,,,,,,,,,https://dmmx2.nba.com/videourlredirect?&project=/ON-AIR/0022400819_20250223_204959
20250223_MEMatCLE_P3_0154_0,0022400819,2025-02-23,regular,MEM,CLE,3,01:54.0,0,AWAY,Home Team Ball,Home Team Ball,Stands,MEM,Unsuccessful,Non-Mandatory,,,,,,,,,,,,https://dmmx2.nba.com/videourlredirect?&project=/ON-AIR/0022400819_20250223_210243
20250305_MIAatCLE_P3_0632_0,0022400893,2025-03-05,regular,MIA,CLE,3,06:32.0,0,HOME,Away Team Ball,Away Team Ball,Stands,CLE,Unsuccessful,Mandatory,,,,,,,,,,,,https://dmmx2.nba.com/videourlredirect?&project=/ON-AIR/0022400893_20250305_204327
20250108_OKCatCLE_P4_0932_0,0022400509,2025-01-08,regular,OKC,CLE,4,09:32.0,0,HOME,Away Team Ball,Home Team Ball,Overturned,OKC,Successful,Mandatory,,,,,,,,,,,,https://dmmx2.nba.com/videourlredirect?&project=/ON-AIR/0022400509_20250108_210223
20250316_ORLatCLE_P2_0315_0,0022400979,2025-03-16,regular,ORL,CLE,2,03:15.0,0,HOME,Away Team Ball,Home Team Ball,Overturned,ORL,Successful,Mandatory,,,,,,,,,,,,https://dmmx2.nba.com/videourlredirect?&project=/ON-AIR/0022400979_20250316_140037
20250120_PHXatCLE_P4_0536_0,0022400603,2025-01-20,regular,PHX,CLE,4,05:36.0,0,AWAY,Home Team Ball,Home Team Ball,Stands,PHX,Unsuccessful,Non-Mandatory,,,,,,,,,,,,https://dmmx2.nba.com/videourlredirect?&project=/ON-AIR/0022400603_20250120_174415
20250302_PORatCLE_P1_0245_0,0022400867,2025-03-02,regular,POR,CLE,1,02:45.0,0,HOME,Away Team Ball,Home Team Ball,Overturned,POR,Successful,Non-Mandatory,,,,,,,,,,,,https://dmmx2.nba.com/videourlredirect?&project=/ON-AIR/0022400867_20250302_160246
20250302_PORatCLE_P3_1121_0,0022400867,2025-03-02,regular,POR,CLE,3,11:21.0,0,AWAY,Home Team Ball,Away Team Ball,Overturned,CLE,Successful,Mandatory,,,,,,,,,,,,https://dmmx2.nba.com/videourlredirect?&project=/ON-AIR/0022400867_20250302_170052
20241124_TORatCLE_P3_0631_0,0022400275,2024-11-24,regular,TOR,CLE,3,06:31.0,0,AWAY,Home Team Ball,Jump Ball,Overturned,CLE,Successful,Non-Mandatory,,,,,,,,,,,,https://dmmx2.nba.com/videourlredirect?&project=/ON-AIR/0022400275_20241124_211028
20250331_BKNatDAL_P3_0607_0,0022401095,2025-03-31,regular,BKN,DAL,3,06:07.0,0,HOME,Away Team Ball,Home Team Ball,Overturned,BKN,Successful,Mandatory,,,,,,,,,,,,https://dmmx2.nba.com/videourlredirect?&project=/ON-AIR/0022401095_20250331_220545
20250227_CHAatDAL_P3_0329_0,0022400847,2025-02-27,regular,CHA,DAL,3,03:29.0,0,AWAY,Home Team Ball,Away Team Ball,Overturned,DAL,Successful,Mandatory,,,,,,,,,,,,https://dmmx2.nba.com/videourlredirect?&project=/ON-AIR/0022400847_20250227_220659
20250112_DENatDAL_P3_0719_0,0022400540,2025-01-12,regular,DEN,DAL,3,07:19.0,0,AWAY,Home Team Ball,Jump Ball,Overturned,DAL,Successful,Mandatory,,,,,,,,,,,,https://dmmx2.nba.com/videourlredirect?&project=/ON-AIR/0022400540_20250112_163632
20250321_DETatDAL_P4_0107_0,0022401019,2025-03-21,regular,DET,DAL,4,01:07.0,0,AWAY,Home Team Ball,Away Team Ball,Overturned,DAL,Successful,Non-Mandatory,,,,,,,,,,,,https://dmmx2.nba.com/videourlredirect?&project=/ON-AIR/0022401019_20250321_225314
20250212_GSWatDAL_P2_0020_5,0022400782,2025-02-12,regular,GSW,DAL,2,00:20.5,0,HOME,Away Team Ball,Home Team Ball,Overturned,GSW,Successful,Non-Mandatory,,,,,,,,,,,,https://dmmx2.nba.com/videourlredirect?&project=/ON-AIR/0022400782_20250212_223828
20250212_GSWatDAL_P3_0833_0,0022400782,2025-02-12,regular,GSW,DAL,3,08:33.0,0,AWAY,Home Team Ball,Away Team Ball,Overturned,DAL,Successful,Mandatory,,,,,,,,,,,,https://dmmx2.nba.com/videourlredirect?&project=/ON-AIR/0022400782_20250212_230818
20250208_HOUatDAL_P3_0250_0,0022400741,2025-02-08,regular,HOU,DAL,3,02:50.0,0,HOME,Away Team Ball,Home Team Ball,Overturned,HOU,Successful,Non-Mandatory,,,,,,,,,,,,https://dmmx2.nba.com/videourlredirect?&project=/ON-AIR/0022400741_20250208_164634
20250208_HOUatDAL_P4_0128_0,0022400741,2025-02-08,regular,HOU,DAL,4,01:28.0,0,AWAY,Home Team Ball,Away Team Ball,Overturned,DAL,Successful,Non-Mandatory,,,,,,,,,,,,https://dmmx2.nba.com/videourlredirect?&project=/ON-AIR/0022400741_20250208_172609
20241203_MEMatDAL_P4_0223_0,0022400056,2024-12-03,regular,MEM,DAL,4,02:23.0,0,AWAY,Home Team Ball,Home Team Ball,Stands,MEM,Unsuccessful,Non-Mandatory,,,,,,,,,,,,https://dmmx2.nba.com/videourlredirect?&project=/ON-AIR/0022400056_20241203_230319
20250301_MILatDAL_P2_0542_0,0022400865,2025-03-01,regular,MIL,DAL,2,05:42.0,0,AWAY,Home Team Ball,Away Team Ball,Overturned,DAL,Successful,Mandatory,,,,,,,,,,,,https://dmmx2.nba.com/videourlredirect?&project=/ON-AIR/0022400865_20250301_212606
20241225_MINatDAL_P4_0219_0,0022400406,2024-12-25,regular,MIN,DAL,4,02:19.0,0,AWAY,Home Team Ball,Home Team Ball,Stands,MIN,Unsuccessful,Non-Mandatory,,,,,,,,,,,,https://dmmx2.nba.com/videourlredirect?&project=/ON-AIR/0022400406_20241225_164615
20250122_MINatDAL_P4_0321_0,0022400614,2025-01-22,regular,MIN,DAL,4,03:21.0,0,HOME,Away Team Ball,Away Team Ball,Stands,MIN,Unsuccessful,Non-Mandatory,,,,,,,,,,,,https://dmmx2.nba.com/videourlredirect?&project=/ON-AIR/0022400614_20250122_215621
20241119_NOPatDAL_P2_0905_0,0022400024,2024-11-19,regular,NOP,DAL,2,09:05.0,0,AWAY,Home Team Ball,Away Team Ball,Overturned,DAL,Successful,Mandatory,,,,,,,,,,,,https://dmmx2.nba.com/videourlredirect?&project=/ON-AIR/0022400024_20241119_211523
20250117_OKCatDAL_P4_0120_0,0022400583,2025-01-17,regular,OKC,DAL,4,01:20.0,0,HOME,Away Team Ball,Home Team Ball,Overturned,OKC,Successful,Non-Mandatory,,,,,,,,,,,,https://dmmx2.nba.com/videourlredirect?&project=/ON-AIR/0022400583_20250117_230446
20250117_OKCatDAL_P4_0022_4,0022400583,2025-01-17,regular,OKC,DAL,4,00:22.4,0,AWAY,Home Team Ball,Home Team Ball,Stands,OKC,Unsuccessful,Non-Mandatory,,,,,,,,,,,,https://dmmx2.nba.com/videourlredirect?&project=/ON-AIR/0022400583_20250117_231050
20241108_PHXatDAL_P4_0939_0,0022400190,2024-11-08,regular,PHX,DAL,4,09:39.0,0,HOME,Away Team Ball,Away Team Ball,Stands,DAL,Unsuccessful,Mandatory,,,,,,,,,,,,https://dmmx2.nba.com/videourlredirect?&project=/ON-AIR/0022400190_20241108_213611
20250109_PORatDAL_P1_0409_0,0022400521,2025-01-09,regular,POR,DAL,1,04:09.0,0,AWAY,Home Team Ball,Away Team Ball,Overturned,DAL,Successful,Mandatory,,,,,,,,,,,,https://dmmx2.nba.com/videourlredirect?&project=/ON-AIR/0022400521_20250109_205840
20250110_BKNatDEN_P3_0033_5,0022400531,2025-01-10,regular,BKN,DEN,3,00:33.5,0,HOME,Away Team Ball,Home Team Ball,Overturned,BKN,Successful,Non-Mandatory,,,,,,,,,,,,https://dmmx2.nba.com/videourlredirect?&project=/ON-AIR/0022400531_20250110_225953
20241227_CLEatDEN_P2_1107_0,0022400424,2024-12-27,regular,CLE,DEN,2,11:07.0,0,HOME,Away Team Ball,Home Team Ball,Overturned,CLE,Successful,Mandatory,,,,,,,,,,,,https://dmmx2.nba.com/videourlredirect?&project=/ON-AIR/0022400424_20241227_214219
20241227_CLEatDEN_P4_0300_0,0022400424,2024-12-27,regular,CLE,DEN,4,03:00.0,0,HOME,Away Team Ball,Away Team Ball,Stands,DEN,Unsuccessful,Non-Mandatory,,,,,,,,,,,,https://dmmx2.nba.com/videourlredirect?&project=/ON-AIR/0022400424_20241227_231816
20241122_DALatDEN_P1_0445_0,0022400033,2024-11-22,regular,DAL,DEN,1,04:45.0,0,AWAY,Home Team Ball,Away Team Ball,Overturned,DEN,Successful,Mandatory,,,,,,,,,,,,https://dmmx2.nba.com/videourlredirect?&project=/ON-AIR/0022400033_20241122_222752
20241122_DALatDEN_P4_0320_0,0022400033,2024-11-22,regular,DAL,DEN,4,03:20.0,0,AWAY,Home Team Ball,Away Team Ball,Overturned,DEN,Successful,Non-Mandatory,,,,,,,,,,,,https://dmmx2.nba.com/videourlredirect?&project=/ON-AIR/0022400033_20241123_002547
20241228_DETatDEN_P2_0457_0,0022400432,2024-12-28,regular,DET,DEN,2,04:57.0,0,AWAY,Home Team Ball,Away Team Ball,Overturned,DEN,Successful,Non-Mandatory,,,,,,,,,,,,https://dmmx2.nba.com/videourlredirect?&project=/ON-AIR/0022400432_20241228_215708
20241228_DETatDEN_P2_0314_0,0022400432,2024-12-28,regular,DET,DEN,2,03:14.0,0,HOME,Away Team Ball,Away Team Ball,Stands,DEN,Unsuccessful,Non-Mandatory,,,,,,,,,,,,https://dmmx2.nba.com/videourlredirect?&project=/ON-AIR/0022400432_20241228_220138
20241213_LACatDEN_P2_0732_0,0022401213,2024-12-13,regular,LAC,DEN,2,07:32.0,0,HOME,Away Team Ball,Home Team Ball,Overturned,LAC,Successful,Mandatory,,,,,,,,,,,,https://dmmx2.nba.com/videourlredirect?&project=/ON-AIR/0022401213_20241213_215140
20241213_LACatDEN_P4_0900_0,0022401213,2024-12-13,regular,LAC,DEN,4,09:00.0,0,HOME,Away Team Ball,Home Team Ball,Overturned,LAC,Successful,Mandatory,,,,,,,,,,,,https://dmmx2.nba.com/videourlredirect?&project=/ON-AIR/0022401213_20241213_230031
20250419_LACatDEN_P3_0052_6,0042400171,2025-04-19,playoffs,LAC,DEN,3,00:52.6,0,AWAY,Home Team Ball,Away Team Ball,Overturned,DEN,Successful,Non-Mandatory,,,,,,,,,,,,https://dmmx2.nba.com/videourlredirect?&project=/ON-AIR/0042400171_20250419_173016
20250419_LACatDEN_P4_0033_5,0042400171,2025-04-19,playoffs,LAC,DEN,4,00:33.5,0,AWAY,Home Team Ball,Home Team Ball,Stands,LAC,Unsuccessful,Non-Mandatory,,,,,,,,,,,,https://dmmx2.nba.com/videourlredirect?&project=/ON-AIR/0042400171_20250419_180859
20250429_LACatDEN_P3_0446_0,0042400175,2025-04-29,playoffs,LAC,DEN,3,04:46.0,0,AWAY,Home Team Ball,Away Team Ball,Overturned,DEN,Successful,Non-Mandatory,,,,,,,,,,,,https://dmmx2.nba.com/videourlredirect?&project=/ON-AIR/0042400175_20250429_235710
20250503_LACatDEN_P2_0731_0,0042400177,2025-05-03,playoffs,LAC,DEN,2,07:31.0,0,AWAY,Home Team Ball,Away Team Ball,Overturned,DEN,Successful,Mandatory,,,,,,,,,,,,https://dmmx2.nba.com/videourlredirect?&project=/ON-AIR/0042400177_20250503_201729
20250222_LALatDEN_P3_0012_5,0022400808,2025-02-22,regular,LAL,DEN,3,00:12.5,0,HOME,Away Team Ball,Jump Ball,Overturned,LAL,Successful,Non-Mandatory,,,,,,,,,,,,https://dmmx2.nba.com/videourlredirect?&project=/ON-AIR/0022400808_20250222_222855
20241108_MIAatDEN_P4_0504_0,0022400194,2024-11-08,regular,MIA,DEN,4,05:04.0,0,HOME,Away Team Ball,Home Team Ball,Overturned,MIA,Successful,Non-Mandatory,,,,,,,,,,,,https://dmmx2.nba.com/videourlredirect?&project=/ON-AIR/0022400194_20241108_230443
20250401_MINatDEN_P2_0935_0,0022401102,2025-04-01,regular,MIN,DEN,2,09:35.0,0,HOME,Away Team Ball,Home Team Ball,Overturned,MIN,Successful,Mandatory,,,,,,,,,,,,https://dmmx2.nba.com/videourlredirect?&project=/ON-AIR/0022401102_20250401_224236
20250203_NOPatDEN_P4_0101_0,0022400706,2025-02-03,regular,NOP,DEN,4,01:01.0,0,HOME,Away Team Ball,Away Team Ball,Stands,DEN,Unsuccessful,Non-Mandatory,,,,,,,,,,,,https://dmmx2.nba.com/videourlredirect?&project=/ON-AIR/0022400706_20250203_231713
20250515_OKCatDEN_P2_0258_0,0042400226,2025-05-15,playoffs,OKC,DEN,2,02:58.0,0,HOME,Away Team Ball,Home Team Ball,Overturned,OKC,Successful,Non-Mandatory,,,,,,,,,,,,https://dmmx2.nba.com/videourlredirect?&project=/ON-AIR/0042400226_20250515_213924
20250206_ORLatDEN_P1_1053_0,0022400730,2025-02-06,regular,ORL,DEN,1,10:53.0,0,AWAY,Home Team Ball,Away Team Ball,Overturned,DEN,Successful,Mandatory,,,,,,,,,,,,https://dmmx2.nba.com/videourlredirect?&project=/ON-AIR/0022400730_20250206_211358
20250210_PORatDEN_P3_0730_0,0022400763,2025-02-10,regular,POR,DEN,3,07:30.0,0,AWAY,Home Team Ball,Away Team Ball,Overturned,DEN,Successful,Mandatory,,,,,,,,,,,,https://dmmx2.nba.com/videourlredirect?&project=/ON-AIR/0022400763_20250210_223140
20250103_SASatDEN_P4_1048_0,0022400475,2025-01-03,regular,SAS,DEN,4,10:48.0,0,AWAY,Home Team Ball,Home Team Ball,Stands,SAS,Unsuccessful,Mandatory,,,,,,,,,,,,https://dmmx2.nba.com/videourlredirect?&project=/ON-AIR/0022400475_20250103_224841
20241102_UTAatDEN_P2_0519_0,0022400148,2024-11-02,regular,UTA,DEN,2,05:19.0,0,AWAY,Home Team Ball,Home Team Ball,Stands,UTA,Unsuccessful,Non-Mandatory,,,,,,,,,,,,https://dmmx2.nba.com/videourlredirect?&project=/ON-AIR/0022400148_20241102_230725
20250328_UTAatDEN_P1_0706_0,0022401073,2025-03-28,regular,UTA,DEN,1,07:06.0,0,HOME,Away Team Ball,Home Team Ball,Overturned,UTA,Successful,Mandatory,,,,,,,,,,,,https://dmmx2.nba.com/videourlredirect?&project=/ON-AIR/0022401073_20250328_212040
20250315_WASatDEN_P3_1112_0,0022400975,2025-03-15,regular,WAS,DEN,3,11:12.0,0,AWAY,Home Team Ball,Away Team Ball,Overturned,DEN,Successful,Mandatory,,,,,,,,,,,,https://dmmx2.nba.com/videourlredirect?&project=/ON-AIR/0022400975_20250315_221949
20241026_BOSatDET_P4_1147_0,0022400089,2024-10-26,regular,BOS,DET,4,11:47.0,0,HOME,Away Team Ball,Away Team Ball,Stands,DET,Unsuccessful,Mandatory,,,,,,,,,,,,https://dmmx2.nba.com/videourlredirect?&project=/ON-AIR/0022400089_20241026_205306
20250202_CHIatDET_P1_0413_0,0022400695,2025-02-02,regular,CHI,DET,1,04:13.0,0,HOME,Away Team Ball,Home Team Ball,Overturned,CHI,Successful,Non-Mandatory,,,,,,,,,,,,https://dmmx2.nba.com/videourlredirect?&project=/ON-AIR/0022400695_20250202_153050
20250205_CLEatDET_P4_0102_0,0022400718,2025-02-05,regular,CLE,DET,4,01:02.0,0,HOME,Away Team Ball,Home Team Ball,Overturned,CLE,Successful,Non-Mandatory,,,,,,,,,,,,https://dmmx2.nba.com/videourlredirect?&project=/ON-AIR/0022400718_20250205_212620
20250328_CLEatDET_P1_0406_0,0022401067,2025-03-28,regular,CLE,DET,1,04:06.0,0,AWAY,Home Team Ball,Away Team Ball,Overturned,DET,Successful,Mandatory,,,,,,,,,,,,https://dmmx2.nba.com/videourlredirect?&project=/ON-AIR/0022401067_20250328_192722
20250228_DENatDET_P2_1117_0,0022400850,2025-02-28,regular,DEN,DET,2,11:17.0,0,HOME,Away Team Ball,Away Team Ball,Stands,DET,Unsuccessful,Mandatory,,,,,,,,,,,,https://dmmx2.nba.com/videourlredirect?&project=/ON-AIR/0022400850_20250228_194211
20250109_GSWatDET_P3_0413_0,0022400518,2025-01-09,regular,GSW,DET,3,04:13.0,0,HOME,Away Team Ball,Home Team Ball,Overturned,GSW,Successful,Non-Mandatory,,,,,,,,,,,,https://dmmx2.nba.com/videourlredirect?&project=/ON-AIR/0022400518_20250109_203749
20250109_GSWatDET_P4_1128_0,0022400518,2025-01-09,regular,GSW,DET,4,11:28.0,0,AWAY,Home Team Ball,Away Team Ball,Overturned,DET,Successful,Mandatory,,,,,,,,,,,,https://dmmx2.nba.com/videourlredirect?&project=/ON-AIR/0022400518_20250109_205229
20250109_GSWatDET_P4_0138_0,0022400518,2025-01-09,regular,GSW,DET,4,01:38.0,0,AWAY,Home Team Ball,Away Team Ball,Overturned,DET,Successful,Non-Mandatory,,,,,,,,,,,,https://dmmx2.nba.com/videourlredirect?&project=/ON-AIR/0022400518_20250109_212233
20250224_LACatDET_P4_1122_0,0022400821,2025-02-24,regular,LAC,DET,4,11:22.0,0,AWAY,Home Team Ball,Away Team Ball,Overturned,DET,Successful,Mandatory,,,,,,,,,,,,https://dmmx2.nba.com/videourlredirect?&project=/ON-AIR/0022400821_20250224_210916
20250104_MINatDET_P1_0019_8,0022400479,2025-01-04,regular,MIN,DET,1,00:19.8,0,HOME,Away Team Ball,Home Team Ball,Overturned,MIN,Successful,Non-Mandatory,,,,,,,,,,,,https://dmmx2.nba.com/videourlredirect?&project=/ON-AIR/0022400479_20250104_193739
20250323_NOPatDET_P2_0656_0,0022401029,2025-03-23,regular,NOP,DET,2,06:56.0,0,HOME,Away Team Ball,Home Team Ball,Overturned,NOP,Successful,Mandatory,,,,,,,,,,,,https://dmmx2.nba.com/videourlredirect?&project=/ON-AIR/0022401029_20250323_155543
20250427_NYKatDET_P1_0654_0,0042400124,2025-04-27,playoffs,NYK,DET,1,06:54.0,0,HOME,Away Team Ball,Away Team Ball,Stands,DET,Unsuccessful,Mandatory,,,,,,,,,,,,https://dmmx2.nba.com/videourlredirect?&project=/ON-AIR/0042400124_20250427_131810
20250315_OKCatDET_P4_0958_0,0022400969,2025-03-15,regular,OKC,DET,4,09:58.0,0,HOME,Away Team Ball,Home Team Ball,Overturned,OKC,Successful,Mandatory,,,,,,,,,,,,https://dmmx2.nba.com/videourlredirect?&project=/ON-AIR/0022400969_20250315_211507
20250106_PORatDET_P3_0901_0,0022400493,2025-01-06,regular,POR,DET,3,09:01.0,0,AWAY,Home Team Ball,Home Team Ball,Stands,POR,Unsuccessful,Mandatory,,,,,,,,,,,,https://dmmx2.nba.com/videourlredirect?&project=/ON-AIR/0022400493_20250106_202546
20250407_SACatDET_P3_0632_0,0022401144,2025-04-07,regular,SAC,DET,3,06:32.0,0,HOME,Away Team Ball,Home Team Ball,Overturned,SAC,Successful,Mandatory,,,,,,,,,,,,https://dmmx2.nba.com/videourlredirect?&project=/ON-AIR/0022401144_20250407_204127
20241219_UTAatDET_P4_0557_0,0022400360,2024-12-19,regular,UTA,DET,4,05:57.0,0,HOME,Away Team Ball,Away Team Ball,Stands,DET,Unsuccessful,Non-Mandatory,,,,,,,,,,,,https://dmmx2.nba.com/videourlredirect?&project=/ON-AIR/0022400360_20241219_211506
20241219_UTAatDET_P4_0127_0,0022400360,2024-12-19,regular,UTA,DET,4,01:27.0,0,AWAY,Home Team Ball,Home Team Ball,Stands,UTA,Unsuccessful,Non-Mandatory,,,,,,,,,,,,https://dmmx2.nba.com/videourlredirect?&project=/ON-AIR/0022400360_20241219_213129
20250313_WASatDET_P3_0845_0,0022400954,2025-03-13,regular,WAS,DET,3,08:45.0,0,AWAY,Home Team Ball,Away Team Ball,Overturned,DET,Successful,Mandatory,,,,,,,,,,,,https://dmmx2.nba.com/videourlredirect?&project=/ON-AIR/0022400954_20250313_203837
20250313_WASatDET_P4_0041_9,0022400954,2025-03-13,regular,WAS,DET,4,00:41.9,0,HOME,Away Team Ball,Home Team Ball,Overturned,WAS,Successful,Non-Mandatory,,,,,,,,,,,,https://dmmx2.nba.com/videourlredirect?&project=/ON-AIR/0022400954_20250313_213446
20241120_ATLatGSW_P4_0921_0,0022400258,2024-11-20,regular,ATL,GSW,4,09:21.0,0,HOME,Away Team Ball,Home Team Ball,Overturned,ATL,Successful,Mandatory,,,,,,,,,,,,https://dmmx2.nba.com/videourlredirect?&project=/ON-AIR/0022400258_20241120_235708
20241125_BKNatGSW_P2_0603_0,0022400284,2024-11-25,regular,BKN,GSW,2,06:03.0,0,AWAY,Home Team Ball,Home Team Ball,Stands,BKN,Unsuccessful,Mandatory,,,,,,,,,,,,https://dmmx2.nba.com/videourlredirect?&project=/ON-AIR/0022400284_20241125_225047
20241125_BKNatGSW_P2_0258_0,0022400284,2024-11-25,regular,BKN,GSW,2,02:58.0,0,AWAY,Home Team Ball,Away Team Ball,Overturned,GSW,Successful,Non-Mandatory,,,,,,,,,,,,https://dmmx2.nba.com/videourlredirect?&project=/ON-AIR/0022400284_20241125_225946
20250120_BOSatGSW_P2_0816_0,0022400604,2025-01-20,regular,BOS,GSW,2,08:16.0,0,HOME,Away Team Ball,Home Team Ball,Overturned,BOS,Successful,Mandatory,,,,,,,,,,,,https://dmmx2.nba.com/videourlredirect?&project=/ON-AIR/0022400604_20250120_175130
20250225_CHAatGSW_P3_0623_0,0022400834,2025-02-25,regular,CHA,GSW,3,06:23.0,0,AWAY,Home Team Ball,Away Team Ball,Overturned,GSW,Successful,Non-Mandatory,,,,,,,,,,,,https://dmmx2.nba.com/videourlredirect?&project=/ON-AIR/0022400834_20250225_233311
20250123_CHIatGSW_P1_0815_0,0022400628,2025-01-23,regular,CHI,GSW,1,08:15.0,0,AWAY,Home Team Ball,Away Team Ball,Overturned,GSW,Successful,Mandatory,,,,,,,,,,,,https://dmmx2.nba.com/videourlredirect?&project=/ON-AIR/0022400628_20250123_221943
20241215_DALatGSW_P2_0158_0,0022401228,2024-12-15,regular,DAL,GSW,2,01:58.0,0,HOME,Away Team Ball,Home Team Ball,Overturned,DAL,Successful,Non-Mandatory,,,,,,,,,,,,https://dmmx2.nba.com/videourlredirect?&project=/ON-AIR/0022401228_20241215_212726
20241215_DALatGSW_P3_0625_0,0022401228,2024-12-15,regular,DAL,GSW,3,06:25.0,0,HOME,Away Team Ball,Away Team Ball,Stands,GSW,Unsuccessful,Mandatory,,,,,,,,,,,,https://dmmx2.nba.com/videourlredirect?&project=/ON-AIR/0022401228_20241215_220250
20250223_DALatGSW_P3_0706_0,0022400812,2025-02-23,regular,DAL,GSW,3,07:06.0,0,AWAY,Home Team Ball,Away Team Ball,Overturned,GSW,Successful,Mandatory,,,,,,,,,,,,https://dmmx2.nba.com/videourlredirect?&project=/ON-AIR/0022400812_20250223_170543
20241205_HOUatGSW_P4_0125_0,0022400332,2024-12-05,regular,HOU,GSW,4,01:25.0,0,HOME,Away Team Ball,Home Team Ball,Overturned,HOU,Successful,Non-Mandatory,,,,,,,,,,,,https://dmmx2.nba.com/videourlredirect?&project=/ON-AIR/0022400332_20241206_001624
20250406_HOUatGSW_P4_0347_0,0022401143,2025-04-06,regular,HOU,GSW,4,03:47.0,0,HOME,Away Team Ball,Home Team Ball,Overturned,HOU,Successful,Mandatory,,,,,,,,,,,,https://dmmx2.nba.com/videourlredirect?&project=/ON-AIR/0022401143_20250406_224416
20250426_HOUatGSW_P2_1037_0,0042400153,2025-04-26,playoffs,HOU,GSW,2,10:37.0,0,AWAY,Home Team Ball,Away Team Ball,Overturned,GSW,Successful,Mandatory,,,,,,,,,,,,https://dmmx2.nba.com/videourlredirect?&project=/ON-AIR/0042400153_20250426_211856
20250428_HOUatGSW_P2_0826_0,0042400154,2025-04-28,playoffs,HOU,GSW,2,08:26.0,0,AWAY,Home Team Ball,Away Team Ball,Overturned,GSW,Successful,Mandatory,,,,,,,,,,,,https://dmmx2.nba.com/videourlredirect?&project=/ON-AIR/0042400154_20250428_224743
20241223_INDatGSW_P4_0610_0,0022400403,2024-12-23,regular,IND,GSW,4,06:10.0,0,AWAY,Home Team Ball,Away Team Ball,Overturned,GSW,Successful,Non-Mandatory,,,,,,,,,,,,https://dmmx2.nba.com/videourlredirect?&project=/ON-AIR/0022400403_20241224_000344
20241223_INDatGSW_P4_0027_8,0022400403,2024-12-23,regular,IND,GSW,4,00:27.8,0,HOME,Away Team Ball,Home Team Ball,Overturned,IND,Successful,Non-Mandatory,,,,,,,,,,,,https://dmmx2.nba.com/videourlredirect?&project=/ON-AIR/0022400403_20241224_001751
20250413_LACatGSW_P3_0255_0,0022401198,2025-04-13,regular,LAC,GSW,3,02:55.0,0,AWAY,Home Team Ball,Away Team Ball,Overturned,GSW,Successful,Mandatory,,,,,,,,,,,,https://dmmx2.nba.com/videourlredirect?&project=/ON-AIR/0022401198_20250413_171854
20250125_LALatGSW_P4_0236_0,0022400644,2025-01-25,regular,LAL,GSW,4,02:36.0,0,HOME,Away Team Ball,Away Team Ball,Stands,GSW,Unsuccessful,Non-Mandatory,,,,,,,,,,,,https://dmmx2.nba.com/videourlredirect?&project=/ON-AIR/0022400644_20250125_224902
20241115_MEMatGSW_P4_0808_0,0022400019,2024-11-15,regular,MEM,GSW,4,08:08.0,0,AWAY,Home Team Ball,Away Team Ball,Overturned,GSW,Successful,Mandatory,,,,,,,,,,,,https://dmmx2.nba.com/videourlredirect?&project=/ON-AIR/0022400019_20241116_001937
20250510_MINatGSW_P3_0447_0,0042400233,2025-05-10,playoffs,MIN,GSW,3,04:47.0,0,HOME,Away Team Ball,Home Team Ball,Overturned,MIN,Successful,Non-Mandatory,,,,,,,,,,,,https://dmmx2.nba.com/videourlredirect?&project=/ON-AIR/0042400233_20250510_222329
20250512_MINatGSW_P4_0600_0,0042400234,2025-05-12,playoffs,MIN,GSW,4,06:00.0,0,AWAY,Home Team Ball,Away Team Ball,Overturned,GSW,Successful,Non-Mandatory,,,,,,,,,,,,https://dmmx2.nba.com/videourlredirect?&project=/ON-AIR/0042400234_20250513_004228
20250315_NYKatGSW_P1_0628_0,0022400974,2025-03-15,regular,NYK,GSW,1,06:28.0,0,AWAY,Home Team Ball,Home Team Ball,Stands,NYK,Unsuccessful,Mandatory,,,,,,,,,,,,https://dmmx2.nba.com/videourlredirect?&project=/ON-AIR/0022400974_20250315_205315
20250203_ORLatGSW_P4_0839_0,0022400708,2025-02-03,regular,ORL,GSW,4,08:39.0,0,HOME,Away Team Ball,Home Team Ball,Overturned,ORL,Successful,Mandatory,,,,,,,,,,,,https://dmmx2.nba.com/videourlredirect?&project=/ON-AIR/0022400708_20250204_000405
20241228_PHXatGSW_P1_0255_0,0022400431,2024-12-28,regular,PHX,GSW,1,02:55.0,0,AWAY,Home Team Ball,Home Team Ball,Stands,PHX,Unsuccessful,Non-Mandatory,,,,,,,,,,,,https://dmmx2.nba.com/videourlredirect?&project=/ON-AIR/0022400431_20241228_205941
20250131_PHXatGSW_P2_0715_0,0022400685,2025-01-31,regular,PHX,GSW,2,07:15.0,0,HOME,Away Team Ball,Home Team Ball,Overturned,PHX,Successful,Non-Mandatory,,,,,,,,,,,,https://dmmx2.nba.com/videourlredirect?&project=/ON-AIR/0022400685_20250131_225700
20250131_PHXatGSW_P4_0743_0,0022400685,2025-01-31,regular,PHX,GSW,4,07:43.0,0,HOME,Away Team Ball,Jump Ball,Overturned,PHX,Successful,Non-Mandatory,,,,,,,,,,,,https://dmmx2.nba.com/videourlredirect?&project=/ON-AIR/0022400685_20250201_000642
20250310_PORatGSW_P2_0045_7,0022400938,2025-03-10,regular,POR,GSW,2,00:45.7,0,AWAY,Home Team Ball,Away Team Ball,Overturned,GSW,Successful,Non-Mandatory,,,,,,,,,,,,https://dmmx2.nba.com/videourlredirect?&project=/ON-AIR/0022400938_20250310_230219
20250310_PORatGSW_P4_0753_0,0022400938,2025-03-10,regular,POR,GSW,4,07:53.0,0,HOME,Away Team Ball,Home Team Ball,Overturned,POR,Successful,Non-Mandatory,,,,,,,,,,,,https://dmmx2.nba.com/videourlredirect?&project=/ON-AIR/0022400938_20250311_000259
20250310_PORatGSW_P4_0326_0,0022400938,2025-03-10,regular,POR,GSW,4,03:26.0,0,HOME,Away Team Ball,Home Team Ball,Overturned,POR,Successful,Non-Mandatory,,,,,,,,,,,,https://dmmx2.nba.com/videourlredirect?&project=/ON-AIR/0022400938_20250311_001304
20250118_WASatGSW_P2_0616_0,0022400589,2025-01-18,regular,WAS,GSW,2,06:16.0,0,AWAY,Home Team Ball,Away Team Ball,Overturned,GSW,Successful,Mandatory,,,,,,,,,,,,https://dmmx2.nba.com/videourlredirect?&project=/ON-AIR/0022400589_20250118_212311
20250325_ATLatHOU_P3_0830_0,0022401049,2025-03-25,regular,ATL,HOU,3,08:30.0,0,HOME,Away Team Ball,Away Team Ball,Stands,HOU,Unsuccessful,Mandatory,,,,,,,,,,,,https://dmmx2.nba.com/videourlredirect?&project=/ON-AIR/0022401049_20250325_213750
20250325_ATLatHOU_P4_0128_0,0022401049,2025-03-25,regular,ATL,HOU,4,01:28.0,0,HOME,Away Team Ball,Home Team Ball,Overturned,ATL,Successful,Non-Mandatory,,,,,,,,,,,,https://dmmx2.nba.com/videourlredirect?&project=/ON-AIR/0022401049_20250325_222431
20250315_CHIatHOU_P4_0719_0,0022400970,2025-03-15,regular,CHI,HOU,4,07:19.0,0,HOME,Away Team Ball,Away Team Ball,Stands,HOU,Unsuccessful,Non-Mandatory,,,,,,,,,,,,https://dmmx2.nba.com/videourlredirect?&project=/ON-AIR/0022400970_20250315_220545
20250323_DENatHOU_P3_0150_0,0022401035,2025-03-23,regular,DEN,HOU,3,01:50.0,0,AWAY,Home Team Ball,Away Team Ball,Overturned,HOU,Successful,Non-Mandatory,,,,,,,,,,,,https://dmmx2.nba.com/videourlredirect?&project=/ON-AIR/0022401035_20250323_204024
20250323_DENatHOU_P3_0019_8,0022401035,2025-03-23,regular,DEN,HOU,3,00:19.8,0,HOME,Away Team Ball,Home Team Ball,Overturned,DEN,Successful,Non-Mandatory,,,,,,,,,,,,https://dmmx2.nba.com/videourlredirect?&project=/ON-AIR/0022401035_20250323_205238
20250413_DENatHOU_P3_0820_0,0022401193,2025-04-13,regular,DEN,HOU,3,08:20.0,0,HOME,Away Team Ball,Away Team Ball,Overturned,DEN,Unsuccessful,Mandatory,,,,,,,,,,,,https://dmmx2.nba.com/videourlredirect?&project=/ON-AIR/0022401193_20250413_165813
20250120_DETatHOU_P4_1016_0,0022400600,2025-01-20,regular,DET,HOU,4,10:16.0,0,AWAY,Home Team Ball,Away Team Ball,Overturned,HOU,Successful,Mandatory,,,,,,,,,,,,https://dmmx2.nba.com/videourlredirect?&project=/ON-AIR/0022400600_20250120_155336
20250213_GSWatHOU_P4_0423_0,0022400784,2025-02-13,regular,GSW,HOU,4,04:23.0,0,AWAY,Home Team Ball,Away Team Ball,Overturned,HOU,Successful,Non-Mandatory,,,,,,,,,,,,https://dmmx2.nba.com/videourlredirect?&project=/ON-AIR/0022400784_20250213_221218
20250420_GSWatHOU_P2_1023_0,0042400151,2025-04-20,playoffs,GSW,HOU,2,10:23.0,0,HOME,Away Team Ball,Home Team Ball,Overturned,GSW,Successful,Mandatory,,,,,,,,,,,,https://dmmx2.nba.com/videourlredirect?&project=/ON-AIR/0042400151_20250420_220837
20250423_GSWatHOU_P1_0028_6,0042400152,2025-04-23,playoffs,GSW,HOU,1,00:28.6,0,AWAY,Home Team Ball,Away Team Ball,Overturned,HOU,Successful,Non-Mandatory,,,,,,,,,,,,https://dmmx2.nba.com/videourlredirect?&project=/ON-AIR/0042400152_20250423_221756
20250430_GSWatHOU_P4_0139_0,0042400155,2025-04-30,playoffs,GSW,HOU,4,01:39.0,0,HOME,Away Team Ball,Home Team Ball,Overturned,GSW,Successful,Non-Mandatory,,,,,,,,,,,,https://dmmx2.nba.com/videourlredirect?&project=/ON-AIR/0042400155_20250430_220131
20250504_GSWatHOU_P2_0659_0,0042400157,2025-05-04,playoffs,GSW,HOU,2,06:59.0,0,HOME,Away Team Ball,Home Team Ball,Overturned,GSW,Successful,Mandatory,,,,,,,,,,,,https://dmmx2.nba.com/videourlredirect?&project=/ON-AIR/0042400157_20250504_211810
20250504_GSWatHOU_P3_0736_0,0042400157,2025-05-04,playoffs,GSW,HOU,3,07:36.0,0,HOME,Away Team Ball,Away Team Ball,Stands,HOU,Unsuccessful,Mandatory,,,,,,,,,,,,https://dmmx2.nba.com/videourlredirect?&project=/ON-AIR/0042400157_20250504_220606
20241120_INDatHOU_P1_0707_0,0022400254,2024-11-20,regular,IND,HOU,1,07:07.0,0,AWAY,Home Team Ball,Away Team Ball,Overturned,HOU,Successful,Mandatory,,,,,,,,,,,,https://dmmx2.nba.com/videourlredirect?&project=/ON-AIR/0022400254_20241120_201845
20241113_LACatHOU_P4_1016_0,0022400222,2024-11-13,regular,LAC,HOU,4,10:16.0,0,HOME,Away Team Ball,Home Team Ball,Overturned,LAC,Successful,Mandatory,,,,,,,,,,,,https://dmmx2.nba.com/videourlredirect?&project=/ON-AIR/0022400222_20241113_215154
20241113_LACatHOU_P4_0152_0,0022400222,2024-11-13,regular,LAC,HOU,4,01:52.0,0,HOME,Away Team Ball,Home Team Ball,Overturned,LAC,Successful,Non-Mandatory,,,,,,,,,,,,https://dmmx2.nba.com/videourlredirect?&project=/ON-AIR/0022400222_20241113_221051
20241025_MEMatHOU_P4_0816_0,0022400082,2024-10-25,regular,MEM,HOU,4,08:16.0,0,HOME,Away Team Ball,Away Team Ball,Stands,HOU,Unsuccessful,Non-Mandatory,,,,,,,,,,,,https://dmmx2.nba.com/videourlredirect?&project=/ON-AIR/0022400082_20241025_221948
20250221_MINatHOU_P4_0313_0,0022400801,2025-02-21,regular,MIN,HOU,4,03:13.0,0,AWAY,Home Team Ball,Home Team Ball,Stands,MIN,Unsuccessful,Non-Mandatory,,,,,,,,,,,,https://dmmx2.nba.com/videourlredirect?&project=/ON-AIR/0022400801_20250222_000021
20250221_MINatHOU_P4_0033_4,0022400801,2025-02-21,regular,MIN,HOU,4,00:33.4,0,AWAY,Home Team Ball,Away Team Ball,Overturned,HOU,Successful,Non-Mandatory,,,,,,,,,,,,https://dmmx2.nba.com/videourlredirect?&project=/ON-AIR/0022400801_20250222_000635
20241219_NOPatHOU_P2_0126_0,0022400365,2024-12-19,regular,NOP,HOU,2,01:26.0,0,HOME,Away Team Ball,Home Team Ball,Overturned,NOP,Successful,Non-Mandatory,,,,,,,,,,,,https://dmmx2.nba.com/videourlredirect?&project=/ON-AIR/0022400365_20241219_210057
20241219_NOPatHOU_P4_0549_0,0022400365,2024-12-19,regular,NOP,HOU,4,05:49.0,0,HOME,Away Team Ball,Away Team Ball,Stands,HOU,Unsuccessful,Non-Mandatory,,,,,,,,,,,,https://dmmx2.nba.com/videourlredirect?&project=/ON-AIR/0022400365_20241219_220933
20241104_NYKatHOU_P2_1116_0,0022400161,2024-11-04,regular,NYK,HOU,2,11:16.0,0,AWAY,Home Team Ball,Away Team Ball,Overturned,HOU,Successful,Mandatory,,,,,,,,,,,,https://dmmx2.nba.com/videourlredirect?&project=/ON-AIR/0022400161_20241104_211528
20241201_OKCatHOU_P4_0854_0,0022400310,2024-12-01,regular,OKC,HOU,4,08:54.0,0,AWAY,Home Team Ball,Home Team Ball,Stands,OKC,Unsuccessful,Mandatory,,,,,,,,,,,,https://dmmx2.nba.com/videourlredirect?&project=/ON-AIR/0022400310_20241201_210911
20250310_ORLatHOU_P3_0417_0,0022400934,2025-03-10,regular,ORL,HOU,3,04:17.0,0,AWAY,Home Team Ball,Away Team Ball,Overturned,HOU,Successful,Non-Mandatory,,,,,,,,,,,,https://dmmx2.nba.com/videourlredirect?&project=/ON-AIR/0022400934_20250310_213913
20250317_PHIatHOU_P4_0037_2,0022400985,2025-03-17,regular,PHI,HOU,4,00:37.2,0,AWAY,Home Team Ball,Home Team Ball,Stands,PHI,Unsuccessful,Non-Mandatory,,,,,,,,,,,,https://dmmx2.nba.com/videourlredirect?&project=/ON-AIR/0022400985_20250317_222529
20250212_PHXatHOU_P4_0850_0,0022400779,2025-02-12,regular,PHX,HOU,4,08:50.0,0,AWAY,Home Team Ball,Home Team Ball,Stands,PHX,Unsuccessful,Mandatory,,,,,,,,,,,,https://dmmx2.nba.com/videourlredirect?&project=/ON-AIR/0022400779_20250212_222442
20241123_PORatHOU_P1_0047_7,0022400267,2024-11-23,regular,POR,HOU,1,00:47.7,0,HOME,Away Team Ball,Home Team Ball,Overturned,POR,Successful,Non-Mandatory,,,,,,,,,,,,https://dmmx2.nba.com/videourlredirect?&project=/ON-AIR/0022400267_20241123_203700
20241123_PORatHOU_P2_0656_0,0022400267,2024-11-23,regular,POR,HOU,2,06:56.0,0,HOME,Away Team Ball,Away Team Ball,Stands,HOU,Unsuccessful,Mandatory,,,,,,,,,,,,https://dmmx2.nba.com/videourlredirect?&project=/ON-AIR/0022400267_20241123_205604
20250301_SACatHOU_P2_0107_0,0022400862,2025-03-01,regular,SAC,HOU,2,01:07.0,0,AWAY,Home Team Ball,Away Team Ball,Overturned,HOU,Successful,Non-Mandatory,,,,,,,,,,,,https://dmmx2.nba.com/videourlredirect?&project=/ON-AIR/0022400862_20250301_210512
20250226_SASatHOU_P4_0256_0,0022400844,2025-02-26,regular,SAS,HOU,4,02:56.0,0,HOME,Away Team Ball,Away Team Ball,Stands,HOU,Unsuccessful,Mandatory,,,,,,,,,,,,https://dmmx2.nba.com/videourlredirect?&project=/ON-AIR/0022400844_20250226_235206
20250209_TORatHOU_P4_0408_0,0022400753,2025-02-09,regular,TOR,HOU,4,04:08.0,0,AWAY,Home Team Ball,Away Team Ball,Overturned,HOU,Successful,Non-Mandatory,,,,,,,,,,,,https://dmmx2.nba.com/videourlredirect?&project=/ON-AIR/0022400753_20250209_161749
20241111_WASatHOU_P2_0930_0,0022400213,2024-11-11,regular,WAS,HOU,2,09:30.0,0,AWAY,Home Team Ball,Away Team Ball,Overturned,HOU,Successful,Mandatory,,,,,,,,,,,,https://dmmx2.nba.com/videourlredirect?&project=/ON-AIR/0022400213_20241111_204747
20241111_WASatHOU_P3_0259_0,0022400213,2024-11-11,regular,WAS,HOU,3,02:59.0,0,AWAY,Home Team Ball,Away Team Ball,Overturned,HOU,Successful,Non-Mandatory,,,,,,,,,,,,https://dmmx2.nba.com/videourlredirect?&project=/ON-AIR/0022400213_20241111_214259
20250201_ATLatIND_P4_0038_7,0022400686,2025-02-01,regular,ATL,IND,4,00:38.7,0,HOME,Away Team Ball,Jump Ball,Overturned,ATL,Successful,Non-Mandatory,,,,,,,,,,,,https://dmmx2.nba.com/videourlredirect?&project=/ON-AIR/0022400686_20250201_192901
20250320_BKNatIND_P1_1026_0,0022401011,2025-03-20,regular,BKN,IND,1,10:26.0,0,HOME,Away Team Ball,Home Team Ball,Overturned,BKN,Successful,Mandatory,,,,,,,,,,,,https://dmmx2.nba.com/videourlredirect?&project=/ON-AIR/0022401011_20250320_191315
20241017_CHAatIND_P2_0035_6,0012400061,2024-10-17,preseason,CHA,IND,2,00:35.6,0,AWAY,Home Team Ball,Home Team Ball,Stands,CHA,Unsuccessful,Non-Mandatory,,,,,,,,,,,,https://dmmx2.nba.com/videourlredirect?&project=/ON-AIR/0012400061_20241017_201116
20241017_CHAatIND_P4_0729_0,0012400061,2024-10-17,preseason,CHA,IND,4,07:29.0,0,AWAY,Home Team Ball,Away Team Ball,Overturned,IND,Successful,Mandatory,,,,,,,,,,,,https://dmmx2.nba.com/videourlredirect?&project=/ON-AIR/0012400061_20241017_210834
20241208_CHAatIND_P2_0228_0,0022400349,2024-12-08,regular,CHA,IND,2,02:28.0,0,AWAY,Home Team Ball,Away Team Ball,Overturned,IND,Successful,Non-Mandatory,,,,,,,,,,,,https://dmmx2.nba.com/videourlredirect?&project=/ON-AIR/0022400349_20241208_180151
20250114_CLEatIND_P4_0641_0,0022400554,2025-01-14,regular,CLE,IND,4,06:41.0,0,HOME,Away Team Ball,Home Team Ball,Overturned,CLE,Successful,Mandatory,,,,,,,,,,,,https://dmmx2.nba.com/videourlredirect?&project=/ON-AIR/0022400554_20250114_211238
20250410_CLEatIND_P4_0034_5,0022401168,2025-04-10,regular,CLE,IND,4,00:34.5,0,HOME,Away Team Ball,Home Team Ball,Overturned,CLE,Successful,Non-Mandatory,,,,,,,,,,,,https://dmmx2.nba.com/videourlredirect?&project=/ON-AIR/0022401168_20250410_211634
20250509_CLEatIND_P3_0222_0,0042400203,2025-05-09,playoffs,CLE,IND,3,02:22.0,0,AWAY,Home Team Ball,Home Team Ball,Stands,CLE,Unsuccessful,Non-Mandatory,,,,,,,,,,,,https://dmmx2.nba.com/videourlredirect?&project=/ON-AIR/0042400203_20250509_213527
20250511_CLEatIND_P1_0552_0,0042400204,2025-05-11,playoffs,CLE,IND,1,05:52.0,0,AWAY,Home Team Ball,Away Team Ball,Overturned,IND,Successful,Mandatory,,,,,,,,,,,,https://dmmx2.nba.com/videourlredirect?&project=/ON-AIR/0042400204_20250511_202115
20241129_DETatIND_P1_0221_0,0022400045,2024-11-29,regular,DET,IND,1,02:21.0,0,HOME,Away Team Ball,Home Team Ball,Overturned,DET,Successful,Non-Mandatory,,,,,,,,,,,,https://dmmx2.nba.com/videourlredirect?&project=/ON-AIR/0022400045_20241129_203302
20250110_GSWatIND_P2_1058_0,0022400525,2025-01-10,regular,GSW,IND,2,10:58.0,0,HOME,Away Team Ball,Home Team Ball,Overturned,GSW,Successful,Mandatory,,,,,,,,,,,,https://dmmx2.nba.com/videourlredirect?&project=/ON-AIR/0022400525_20250110_194145
20250304_HOUatIND_P4_1008_0,0022400882,2025-03-04,regular,HOU,IND,4,10:08.0,0,HOME,Away Team Ball,Home Team Ball,Overturned,HOU,Successful,Mandatory,,,,,,,,,,,,https://dmmx2.nba.com/videourlredirect?&project=/ON-AIR/0022400882_20250304_205229
20241014_MEMatIND_P1_0117_0,0012400045,2024-10-14,preseason,MEM,IND,1,01:17.0,0,HOME,Away Team Ball,Home Team Ball,Overturned,MEM,Successful,Non-Mandatory,,,,,,,,,,,,https://dmmx2.nba.com/videourlredirect?&project=/ON-AIR/0012400045_20241014_193334
20241014_MEMatIND_P4_0626_0,0012400045,2024-10-14,preseason,MEM,IND,4,06:26.0,0,AWAY,Home Team Ball,Away Team Ball,Overturned,IND,Successful,Mandatory,,,,,,,,,,,,https://dmmx2.nba.com/videourlredirect?&project=/ON-AIR/0012400045_20241014_210828
20241117_MIAatIND_P4_0647_0,0022400235,2024-11-17,regular,MIA,IND,4,06:47.0,0,AWAY,Home Team Ball,Away Team Ball,Overturned,IND,Successful,Mandatory,,,,,,,,,,,,https://dmmx2.nba.com/videourlredirect?&project=/ON-AIR/0022400235_20241117_190633
20250324_MINatIND_P1_0120_0,0022401037,2025-03-24,regular,MIN,IND,1,01:20.0,0,AWAY,Home Team Ball,Away Team Ball,Overturned,IND,Successful,Non-Mandatory,,,,,,,,,,,,https://dmmx2.nba.com/videourlredirect?&project=/ON-AIR/0022401037_20250324_193354
20250211_NYKatIND_P2_0930_0,0022400765,2025-02-11,regular,NYK,IND,2,09:30.0,0,AWAY,Home Team Ball,Away Team Ball,Overturned,IND,Successful,Mandatory,,,,,,,,,,,,https://dmmx2.nba.com/videourlredirect?&project=/ON-AIR/0022400765_20250211_201131
20250525_NYKatIND_P4_0319_0,0042400303,2025-05-25,playoffs,NYK,IND,4,03:19.0,0,AWAY,Home Team Ball,Away Team Ball,Overturned,IND,Successful,Non-Mandatory,,,,,,,,,,,,https://dmmx2.nba.com/videourlredirect?&project=/ON-AIR/0042400303_20250525_223037
20250527_NYKatIND_P3_0519_0,0042400304,2025-05-27,playoffs,NYK,IND,3,05:19.0,0,HOME,Away Team Ball,Home Team Ball,Overturned,NYK,Successful,Mandatory,,,,,,,,,,,,https://dmmx2.nba.com/videourlredirect?&project=/ON-AIR/0042400304_20250527_214244
20250611_OKCatIND_P4_0956_0,0042400403,2025-06-11,playoffs,OKC,IND,4,09:56.0,0,HOME,Away Team Ball,Home Team Ball,Overturned,OKC,Successful,Mandatory,,,,,,,,,,,,https://dmmx2.nba.com/videourlredirect?&project=/ON-AIR/0042400403_20250611_223939
20241027_PHIatIND_P4_0226_0,0022400097,2024-10-27,regular,PHI,IND,4,02:26.0,0,AWAY,Home Team Ball,Home Team Ball,Stands,PHI,Unsuccessful,Non-Mandatory,,,,,,,,,,,,https://dmmx2.nba.com/videourlredirect?&project=/ON-AIR/0022400097_20241027_175515
20241027_PHIatIND_P5_0016_4,0022400097,2024-10-27,regular,PHI,IND,5,00:16.4,0,AWAY,Home Team Ball,Away Team Ball,Overturned,IND,Successful,Non-Mandatory,,,,,,,,,,,,https://dmmx2.nba.com/videourlredirect?&project=/ON-AIR/0022400097_20241027_182650
20250123_SASatIND_P3_0226_0,0022400621,2025-01-23,regular,SAS,IND,3,02:26.0,0,AWAY,Home Team Ball,Away Team Ball,Overturned,IND,Successful,Non-Mandatory,,,,,,,,,,,,https://dmmx2.nba.com/videourlredirect?&project=/ON-AIR/0022400621_20250123_154602
20250404_UTAatIND_P2_0152_0,0022401119,2025-04-04,regular,UTA,IND,2,01:52.0,0,HOME,Away Team Ball,Home Team Ball,Overturned,UTA,Successful,Non-Mandatory,,,,,,,,,,,,https://dmmx2.nba.com/videourlredirect?&project=/ON-AIR/0022401119_20250404_195955
20250122_BOSatLAC_P5_0145_0,0022400620,2025-01-22,regular,BOS,LAC,5,01:45.0,0,HOME,Away Team Ball,Home Team Ball,Overturned,BOS,Successful,Non-Mandatory,,,,,,,,,,,,https://dmmx2.nba.com/videourlredirect?&project=/ON-AIR/0022400620_20250123_011039
20250318_CLEatLAC_P3_0304_0,0022400997,2025-03-18,regular,CLE,LAC,3,03:04.0,0,AWAY,Home Team Ball,Home Team Ball,Stands,CLE,Unsuccessful,Non-Mandatory,,,,,,,,,,,,https://dmmx2.nba.com/videourlredirect?&project=/ON-AIR/0022400997_20250319_001954
20250318_CLEatLAC_P4_0117_0,0022400997,2025-03-18,regular,CLE,LAC,4,01:17.0,0,HOME,Away Team Ball,Away Team Ball,Stands,LAC,Unsuccessful,Non-Mandatory,,,,,,,,,,,,https://dmmx2.nba.com/videourlredirect?&project=/ON-AIR/0022400997_20250319_005933
20241014_DALatLAC_P2_0029_5,0012400049,2024-10-14,preseason,DAL,LAC,2,00:29.5,0,AWAY,Home Team Ball,Away Team Ball,Overturned,LAC,Successful,Non-Mandatory,,,,,,,,,,,,https://dmmx2.nba.com/videourlredirect?&project=/ON-AIR/0012400049_20241014_233419
20241014_DALatLAC_P3_0254_0,0012400049,2024-10-14,preseason,DAL,LAC,3,02:54.0,0,HOME,Away Team Ball,Home Team Ball,Overturned,DAL,Successful,Non-Mandatory,,,,,,,,,,,,https://dmmx2.nba.com/videourlredirect?&project=/ON-AIR/0012400049_20241015_001620
20250404_DALatLAC_P3_0307_0,0022401127,2025-04-04,regular,DAL,LAC,3,03:07.0,0,AWAY,Home Team Ball,Away Team Ball,Overturned,LAC,Successful,Mandatory,,,,,,,,,,,,https://dmmx2.nba.com/videourlredirect?&project=/ON-AIR/0022401127_20250405_000353
20250424_DENatLAC_P4_0832_0,0042400173,2025-04-24,playoffs,DEN,LAC,4,08:32.0,0,AWAY,Home Team Ball,Away Team Ball,Overturned,LAC,Successful,Mandatory,,,,,,,,,,,,https://dmmx2.nba.com/videourlredirect?&project=/ON-AIR/0042400173_20250425_000937
20250426_DENatLAC_P3_0903_0,0042400174,2025-04-26,playoffs,DEN,LAC,3,09:03.0,0,HOME,Away Team Ball,Jump Ball,Overturned,DEN,Successful,Mandatory,,,,,,,,,,,,https://dmmx2.nba.com/videourlredirect?&project=/ON-AIR/0042400174_20250426_194132
20250305_DETatLAC_P1_0357_0,0022400898,2025-03-05,regular,DET,LAC,1,03:57.0,0,HOME,Away Team Ball,Home Team Ball,Overturned,DET,Successful,Mandatory,,,,,,,,,,,,https://dmmx2.nba.com/videourlredirect?&project=/ON-AIR/0022400898_20250305_225815
20241118_GSWatLAC_P1_0447_0,0022400251,2024-11-18,regular,GSW,LAC,1,04:47.0,0,AWAY,Home Team Ball,Away Team Ball,Overturned,LAC,Successful,Mandatory,,,,,,,,,,,,https://dmmx2.nba.com/videourlredirect?&project=/ON-AIR/0022400251_20241118_225425
20250321_MEMatLAC_P1_0352_0,0022401023,2025-03-21,regular,MEM,LAC,1,03:52.0,0,HOME,Away Team Ball,Home Team Ball,Overturned,MEM,Successful,Mandatory,,,,,,,,,,,,https://dmmx2.nba.com/videourlredirect?&project=/ON-AIR/0022401023_20250321_225622
20250321_MEMatLAC_P2_0617_0,0022401023,2025-03-21,regular,MEM,LAC,2,06:17.0,0,AWAY,Home Team Ball,Away Team Ball,Overturned,LAC,Successful,Mandatory,,,,,,,,,,,,https://dmmx2.nba.com/videourlredirect?&project=/ON-AIR/0022401023_20250321_232122
20250125_MILatLAC_P1_0421_0,0022400646,2025-01-25,regular,MIL,LAC,1,04:21.0,0,HOME,Away Team Ball,Away Team Ball,Stands,LAC,Unsuccessful,Mandatory,,,,,,,,,,,,https://dmmx2.nba.com/videourlredirect?&project=/ON-AIR/0022400646_20250125_225522
20241204_MINatLAC_P3_0101_0,0022400324,2024-12-04,regular,MIN,LAC,3,01:01.0,0,HOME,Away Team Ball,Away Team Ball,Stands,LAC,Unsuccessful,Non-Mandatory,,,,,,,,,,,,https://dmmx2.nba.com/videourlredirect?&project=/ON-AIR/0022400324_20241205_000919
20241204_MINatLAC_P4_0922_0,0022400324,2024-12-04,regular,MIN,LAC,4,09:22.0,0,HOME,Away Team Ball,Home Team Ball,Overturned,MIN,Successful,Mandatory,,,,,,,,,,,,https://dmmx2.nba.com/videourlredirect?&project=/ON-AIR/0022400324_20241205_001938
20250402_NOPatLAC_P3_0314_0,0022401111,2025-04-02,regular,NOP,LAC,3,03:14.0,0,AWAY,Home Team Ball,Home Team Ball,Stands,NOP,Unsuccessful,Mandatory,,,,,,,,,,,,https://dmmx2.nba.com/videourlredirect?&project=/ON-AIR/0022401111_20250403_000821
20250402_NOPatLAC_P4_1003_0,0022401111,2025-04-02,regular,NOP,LAC,4,10:03.0,0,AWAY,Home Team Ball,Away Team Ball,Overturned,LAC,Successful,Mandatory,,,,,,,,,,,,https://dmmx2.nba.com/videourlredirect?&project=/ON-AIR/0022401111_20250403_002537
20250307_NYKatLAC_P4_0137_0,0022400911,2025-03-07,regular,NYK,LAC,4,01:37.0,0,HOME,Away Team Ball,Home Team Ball,Overturned,NYK,Successful,Non-Mandatory,,,,,,,,,,,,https://dmmx2.nba.com/videourlredirect?&project=/ON-AIR/0022400911_20250308_003904
20250323_OKCatLAC_P4_0101_0,0022401036,2025-03-23,regular,OKC,LAC,4,01:01.0,0,HOME,Away Team Ball,Home Team Ball,Overturned,OKC,Successful,Non-Mandatory,,,,,,,,,,,,https://dmmx2.nba.com/videourlredirect?&project=/ON-AIR/0022401036_20250323_233006
20241023_PHXatLAC_P3_0627_0,0022400071,2024-10-23,regular,PHX,LAC,3,06:27.0,0,HOME,Away Team Ball,Home Team Ball,Overturned,PHX,Successful,Mandatory,,,,,,,,,,,,https://dmmx2.nba.com/videourlredirect?&project=/ON-AIR/0022400071_20241023_234516
20241023_PHXatLAC_P4_0154_0,0022400071,2024-10-23,regular,PHX,LAC,4,01:54.0,0,HOME,Away Team Ball,Home Team Ball,Overturned,PHX,Successful,Non-Mandatory,,,,,,,,,,,,https://dmmx2.nba.com/videourlredirect?&project=/ON-AIR/0022400071_20241024_003428
20250309_SACatLAC_P5_0103_0,0022400927,2025-03-09,regular,SAC,LAC,5,01:03.0,0,HOME,Away Team Ball,Away Team Ball,Stands,LAC,Unsuccessful,Non-Mandatory,,,,,,,,,,,,https://dmmx2.nba.com/videourlredirect?&project=/ON-AIR/0022400927_20250310_000641
20241109_TORatLAC_P3_1044_0,0022400200,2024-11-09,regular,TOR,LAC,3,10:44.0,0,AWAY,Home Team Ball,Jump Ball,Overturned,LAC,Successful,Mandatory,,,,,,,,,,,,https://dmmx2.nba.com/videourlredirect?&project=/ON-AIR/0022400200_20241109_235551
20250208_UTAatLAC_P1_0231_0,0022400751,2025-02-08,regular,UTA,LAC,1,02:31.0,0,HOME,Away Team Ball,Home Team Ball,Overturned,UTA,Successful,Mandatory,,,,,,,,,,,,https://dmmx2.nba.com/videourlredirect?&project=/ON-AIR/0022400751_20250208_225927
20250103_ATLatLAL_P1_0431_0,0022400477,2025-01-03,regular,ATL,LAL,1,04:31.0,0,AWAY,Home Team Ball,Away Team Ball,Overturned,LAL,Successful,Mandatory,,,,,,,,,,,,https://dmmx2.nba.com/videourlredirect?&project=/ON-AIR/0022400477_20250103_225632
20250123_BOSatLAL_P1_0311_0,0022400629,2025-01-23,regular,BOS,LAL,1,03:11.0,0,AWAY,Home Team Ball,Away Team Ball,Overturned,LAL,Successful,Mandatory,,,,,,,,,,,,https://dmmx2.nba.com/videourlredirect?&project=/ON-AIR/0022400629_20250123_223148
20250322_CHIatLAL_P3_0359_0,0022401028,2025-03-22,regular,CHI,LAL,3,03:59.0,0,AWAY,Home Team Ball,Away Team Ball,Overturned,LAL,Successful,Non-Mandatory,,,,,,,,,,,,https://dmmx2.nba.com/videourlredirect?&project=/ON-AIR/0022401028_20250323_001246
20250225_DALatLAL_P3_0226_0,0022400835,2025-02-25,regular,DAL,LAL,3,02:26.0,0,HOME,Away Team Ball,Away Team Ball,Stands,LAL,Unsuccessful,Mandatory,,,,,,,,,,,,https://dmmx2.nba.com/videourlredirect?&project=/ON-AIR/0022400835_20250225_234408
20250403_GSWatLAL_P2_0607_0,0022401117,2025-04-03,regular,GSW,LAL,2,06:07.0,0,HOME,Away Team Ball,Home Team Ball,Overturned,GSW,Successful,Mandatory,,,,,,,,,,,,https://dmmx2.nba.com/videourlredirect?&project=/ON-AIR/0022401117_20250403_225543
20250331_HOUatLAL_P4_0622_0,0022401096,2025-03-31,regular,HOU,LAL,4,06:22.0,0,HOME,Away Team Ball,Home Team Ball,Overturned,HOU,Successful,Mandatory,,,,,,,,,,,,https://dmmx2.nba.com/videourlredirect?&project=/ON-AIR/0022401096_20250401_000155
20250208_INDatLAL_P4_0410_0,0022400742,2025-02-08,regular,IND,LAL,4,04:10.0,0,AWAY,Home Team Ball,Away Team Ball,Overturned,IND,Successful,Non-Mandatory,,,,,,,,,,,,https://dmmx2.nba.com/videourlredirect?&project=/ON-AIR/0022400742_20250208_183643
20250228_LACatLAL_P4_0025_4,0022400859,2025-02-28,regular,LAC,LAL,4,00:25.4,0,HOME,Away Team Ball,Home Team Ball,Overturned,LAC,Successful,Non-Mandatory,,,,,,,,,,,,https://dmmx2.nba.com/videourlredirect?&project=/ON-AIR/0022400859_20250301_003047
20241113_MEMatLAL_P4_0019_3,0022400225,2024-11-13,regular,MEM,LAL,4,00:19.3,0,AWAY,Home Team Ball,Home Team Ball,Stands,MEM,Unsuccessful,Non-Mandatory,,,,,,,,,,,,https://dmmx2.nba.com/videourlredirect?&project=/ON-AIR/0022400225_20241114_003941
20241215_MEMatLAL_P3_0546_0,0022401220,2024-12-15,regular,MEM,LAL,3,05:46.0,0,HOME,Away Team Ball,Home Team Ball,Overturned,MEM,Successful,Mandatory,,,,,,,,,,,,https://dmmx2.nba.com/videourlredirect?&project=/ON-AIR/0022401220_20241215_231455
20250115_MIAatLAL_P4_0136_0,0022400570,2025-01-15,regular,MIA,LAL,4,01:36.0,0,AWAY,Home Team Ball,Away Team Ball,Overturned,LAL,Successful,Non-Mandatory,,,,,,,,,,,,https://dmmx2.nba.com/videourlredirect?&project=/ON-AIR/0022400570_20250116_000916
20250430_MINatLAL_P4_0900_0,0042400165,2025-04-30,playoffs,MIN,LAL,4,09:00.0,0,AWAY,Home Team Ball,Home Team Ball,Stands,MIN,Unsuccessful,Mandatory,,,,,,,,,,,,https://dmmx2.nba.com/videourlredirect?&project=/ON-AIR/0042400165_20250501_002118
20250404_NOPatLAL_P2_0428_0,0022401126,2025-04-04,regular,NOP,LAL,2,04:28.0,0,HOME,Away Team Ball,Home Team Ball,Overturned,NOP,Successful,Non-Mandatory,,,,,,,,,,,,https://dmmx2.nba.com/videourlredirect?&project=/ON-AIR/0022401126_20250404_232632
20241108_PHIatLAL_P4_0832_0,0022400195,2024-11-08,regular,PHI,LAL,4,08:32.0,0,HOME,Away Team Ball,Home Team Ball,Overturned,PHI,Successful,Mandatory,,,,,,,,,,,,https://dmmx2.nba.com/videourlredirect?&project=/ON-AIR/0022400195_20241109_000725
20250316_PHXatLAL_P2_0711_0,0022400977,2025-03-16,regular,PHX,LAL,2,07:11.0,0,AWAY,Home Team Ball,Away Team Ball,Overturned,LAL,Successful,Mandatory,,,,,,,,,,,,https://dmmx2.nba.com/videourlredirect?&project=/ON-AIR/0022400977_20250316_162018
20250316_PHXatLAL_P2_0254_0,0022400977,2025-03-16,regular,PHX,LAL,2,02:54.0,0,AWAY,Home Team Ball,Home Team Ball,Stands,PHX,Unsuccessful,Mandatory,,,,,,,,,,,,https://dmmx2.nba.com/videourlredirect?&project=/ON-AIR/0022400977_20250316_163140
20241228_SACatLAL_P1_0257_0,0022400435,2024-12-28,regular,SAC,LAL,1,02:57.0,0,AWAY,Home Team Ball,Away Team Ball,Overturned,LAL,Successful,Non-Mandatory,,,,,,,,,,,,https://dmmx2.nba.com/videourlredirect?&project=/ON-AIR/0022400435_20241228_230011
20241228_SACatLAL_P4_0610_0,0022400435,2024-12-28,regular,SAC,LAL,4,06:10.0,0,HOME,Away Team Ball,Home Team Ball,Overturned,SAC,Successful,Mandatory,,,,,,,,,,,,https://dmmx2.nba.com/videourlredirect?&project=/ON-AIR/0022400435_20241229_003730
20250113_SASatLAL_P1_0702_0,0022400552,2025-01-13,regular,SAS,LAL,1,07:02.0,0,AWAY,Home Team Ball,Away Team Ball,Overturned,LAL,Successful,Mandatory,,,,,,,,,,,,https://dmmx2.nba.com/videourlredirect?&project=/ON-AIR/0022400552_20250113_225228
20241110_TORatLAL_P3_0115_0,0022400211,2024-11-10,regular,TOR,LAL,3,01:15.0,0,AWAY,Home Team Ball,Away Team Ball,Overturned,LAL,Successful,Non-Mandatory,,,,,,,,,,,,https://dmmx2.nba.com/videourlredirect?&project=/ON-AIR/0022400211_20241110_232559
20250210_UTAatLAL_P3_0044_7,0022400768,2025-02-10,regular,UTA,LAL,3,00:44.7,0,HOME,Away Team Ball,Away Team Ball,Stands,LAL,Unsuccessful,Non-Mandatory,,,,,,,,,,,,https://dmmx2.nba.com/videourlredirect?&project=/ON-AIR/0022400768_20250211_002324
20241010_CHAatMEM_P4_1027_0,0012400027,2024-10-10,preseason,CHA,MEM,4,10:27.0,0,HOME,Away Team Ball,Home Team Ball,Overturned,CHA,Successful,Mandatory,,,,,,,,,,,,https://dmmx2.nba.com/videourlredirect?&project=/ON-AIR/0012400027_20241010_215740
20250314_CLEatMEM_P3_0243_0,0022400962,2025-03-14,regular,CLE,MEM,3,02:43.0,0,HOME,Away Team Ball,Home Team Ball,Overturned,CLE,Successful,Non-Mandatory,,,,,,,,,,,,https://dmmx2.nba.com/videourlredirect?&project=/ON-AIR/0022400962_20250314_215129
20250106_DALatMEM_P1_0236_0,0022400499,2025-01-06,regular,DAL,MEM,1,02:36.0,0,HOME,Away Team Ball,Away Team Ball,Stands,MEM,Unsuccessful,Non-Mandatory,,,,,,,,,,,,https://dmmx2.nba.com/videourlredirect?&project=/ON-AIR/0022400499_20250106_203341
20250413_DALatMEM_P4_1100_0,0022401194,2025-04-13,regular,DAL,MEM,4,11:00.0,0,AWAY,Home Team Ball,Away Team Ball,Overturned,MEM,Successful,Mandatory,,,,,,,,,,,,https://dmmx2.nba.com/videourlredirect?&project=/ON-AIR/0022401194_20250413_172022
20241117_DENatMEM_P3_0624_0,0022400238,2024-11-17,regular,DEN,MEM,3,06:24.0,0,AWAY,Home Team Ball,Away Team Ball,Overturned,MEM,Successful,Mandatory,,,,,,,,,,,,https://dmmx2.nba.com/videourlredirect?&project=/ON-AIR/0022400238_20241117_193222
20241117_DENatMEM_P4_0426_0,0022400238,2024-11-17,regular,DEN,MEM,4,04:26.0,0,HOME,Away Team Ball,Home Team Ball,Overturned,DEN,Successful,Non-Mandatory,,,,,,,,,,,,https://dmmx2.nba.com/videourlredirect?&project=/ON-AIR/0022400238_20241117_201041
20241117_DENatMEM_P4_0122_0,0022400238,2024-11-17,regular,DEN,MEM,4,01:22.0,0,AWAY,Home Team Ball,Away Team Ball,Overturned,MEM,Successful,Non-Mandatory,,,,,,,,,,,,https://dmmx2.nba.com/videourlredirect?&project=/ON-AIR/0022400238_20241117_201908
20241127_DETatMEM_P3_1034_0,0022400293,2024-11-27,regular,DET,MEM,3,10:34.0,0,AWAY,Home Team Ball,Away Team Ball,Overturned,MEM,Successful,Mandatory,,,,,,,,,,,,https://dmmx2.nba.com/videourlredirect?&project=/ON-AIR/0022400293_20241127_212418
20241201_INDatMEM_P1_0918_0,0022400306,2024-12-01,regular,IND,MEM,1,09:18.0,0,HOME,Away Team Ball,Away Team Ball,Stands,MEM,Unsuccessful,Mandatory,,,,,,,,,,,,https://dmmx2.nba.com/videourlredirect?&project=/ON-AIR/0022400306_20241201_154430
20250124_NOPatMEM_P4_0505_0,0022400632,2025-01-24,regular,NOP,MEM,4,05:05.0,0,HOME,Away Team Ball,Away Team Ball,Stands,MEM,Unsuccessful,Mandatory,,,,,,,,,,,,https://dmmx2.nba.com/videourlredirect?&project=/ON-AIR/0022400632_20250124_220532
20250228_NYKatMEM_P2_0235_0,0022400856,2025-02-28,regular,NYK,MEM,2,02:35.0,0,AWAY,Home Team Ball,Away Team Ball,Overturned,MEM,Successful,Non-Mandatory,,,,,,,,,,,,https://dmmx2.nba.com/videourlredirect?&project=/ON-AIR/0022400856_20250228_210048
20250426_OKCatMEM_P2_0017_5,0042400144,2025-04-26,playoffs,OKC,MEM,2,00:17.5,0,HOME,Away Team Ball,Home Team Ball,Overturned,OKC,Successful,Non-Mandatory,,,,,,,,,,,,https://dmmx2.nba.com/videourlredirect?&project=/ON-AIR/0042400144_20250426_163639
20250310_PHXatMEM_P4_0656_0,0022400935,2025-03-10,regular,PHX,MEM,4,06:56.0,0,HOME,Away Team Ball,Home Team Ball,Overturned,PHX,Successful,Non-Mandatory,,,,,,,,,,,,https://dmmx2.nba.com/videourlredirect?&project=/ON-AIR/0022400935_20250310_221502
20241125_PORatMEM_P2_0159_0,0022400282,2024-11-25,regular,POR,MEM,2,01:59.0,0,AWAY,Home Team Ball,Home Team Ball,Stands,POR,Unsuccessful,Non-Mandatory,,,,,,,,,,,,https://dmmx2.nba.com/videourlredirect?&project=/ON-AIR/0022400282_20241125_210326
20241205_SACatMEM_P4_0139_0,0022400329,2024-12-05,regular,SAC,MEM,4,01:39.0,0,AWAY,Home Team Ball,Away Team Ball,Overturned,MEM,Successful,Non-Mandatory,,,,,,,,,,,,https://dmmx2.nba.com/videourlredirect?&project=/ON-AIR/0022400329_20241205_223015
20250301_SASatMEM_P1_0231_0,0022400863,2025-03-01,regular,SAS,MEM,1,02:31.0,0,HOME,Away Team Ball,Home Team Ball,Overturned,SAS,Successful,Non-Mandatory,,,,,,,,,,,,https://dmmx2.nba.com/videourlredirect?&project=/ON-AIR/0022400863_20250301_203215
20250125_UTAatMEM_P4_0623_0,0022400643,2025-01-25,regular,UTA,MEM,4,06:23.0,0,AWAY,Home Team Ball,Away Team Ball,Overturned,MEM,Successful,Mandatory,,,,,,,,,,,,https://dmmx2.nba.com/videourlredirect?&project=/ON-AIR/0022400643_20250125_221623
20250312_UTAatMEM_P3_0735_0,0022400950,2025-03-12,regular,UTA,MEM,3,07:35.0,0,AWAY,Home Team Ball,Away Team Ball,Overturned,MEM,Successful,Mandatory,,,,,,,,,,,,https://dmmx2.nba.com/videourlredirect?&project=/ON-AIR/0022400950_20250312_212512
20241016_ATLatMIA_P2_0120_0,0012400025,2024-10-16,preseason,ATL,MIA,2,01:20.0,0,HOME,Away Team Ball,Home Team Ball,Overturned,ATL,Successful,Non-Mandatory,,,,,,,,,,,,https://dmmx2.nba.com/videourlredirect?&project=/ON-AIR/0012400025_20241016_203937
20250226_ATLatMIA_P1_0314_0,0022400841,2025-02-26,regular,ATL,MIA,1,03:14.0,0,HOME,Away Team Ball,Home Team Ball,Overturned,ATL,Successful,Mandatory,,,,,,,,,,,,https://dmmx2.nba.com/videourlredirect?&project=/ON-AIR/0022400841_20250226_200000
20250323_CHAatMIA_P4_1049_0,0022401032,2025-03-23,regular,CHA,MIA,4,10:49.0,0,HOME,Away Team Ball,Home Team Ball,Overturned,CHA,Successful,Mandatory,,,,,,,,,,,,https://dmmx2.nba.com/videourlredirect?&project=/ON-AIR/0022401032_20250323_195145
20241028_DETatMIA_P3_0907_0,0022400105,2024-10-28,regular,DET,MIA,3,09:07.0,0,HOME,Away Team Ball,Home Team Ball,Overturned,DET,Successful,Mandatory,,,,,,,,,,,,https://dmmx2.nba.com/videourlredirect?&project=/ON-AIR/0022400105_20241028_210111
20250325_GSWatMIA_P2_0135_0,0022401047,2025-03-25,regular,GSW,MIA,2,01:35.0,0,HOME,Away Team Ball,Home Team Ball,Overturned,GSW,Successful,Non-Mandatory,,,,,,,,,,,,https://dmmx2.nba.com/videourlredirect?&project=/ON-AIR/0022401047_20250325_203250
20250101_NOPatMIA_P1_0210_0,0022400457,2025-01-01,regular,NOP,MIA,1,02:10.0,0,HOME,Away Team Ball,Home Team Ball,Overturned,NOP,Successful,Non-Mandatory,,,,,,,,,,,,https://dmmx2.nba.com/videourlredirect?&project=/ON-AIR/0022400457_20250101_200514
20250302_NYKatMIA_P5_0030_2,0022400869,2025-03-02,regular,NYK,MIA,5,00:30.2,0,AWAY,Home Team Ball,Away Team Ball,Overturned,MIA,Successful,Non-Mandatory,,,,,,,,,,,,https://dmmx2.nba.com/videourlredirect?&project=/ON-AIR/0022400869_20250302_203533
20241118_PHIatMIA_P4_0845_0,0022400245,2024-11-18,regular,PHI,MIA,4,08:45.0,0,HOME,Away Team Ball,Home Team Ball,Overturned,PHI,Successful,Mandatory,,,,,,,,,,,,https://dmmx2.nba.com/videourlredirect?&project=/ON-AIR/0022400245_20241118_213157
20241204_ATLatMIL_P4_1108_0,0022400323,2024-12-04,regular,ATL,MIL,4,11:08.0,0,AWAY,Home Team Ball,Home Team Ball,Stands,ATL,Unsuccessful,Mandatory,,,,,,,,,,,,https://dmmx2.nba.com/videourlredirect?&project=/ON-AIR/0022400323_20241204_215807
20241110_BOSatMIL_P4_0902_0,0022400202,2024-11-10,regular,BOS,MIL,4,09:02.0,0,AWAY,Home Team Ball,Away Team Ball,Overturned,MIL,Successful,Mandatory,,,,,,,,,,,,https://dmmx2.nba.com/videourlredirect?&project=/ON-AIR/0022400202_20241110_172458
20241014_CHIatMIL_P4_0919_0,0012400048,2024-10-14,preseason,CHI,MIL,4,09:19.0,0,HOME,Away Team Ball,Home Team Ball,Overturned,CHI,Successful,Mandatory,,,,,,,,,,,,https://dmmx2.nba.com/videourlredirect?&project=/ON-AIR/0012400048_20241014_220335
20250309_CLEatMIL_P3_0946_0,0022400922,2025-03-09,regular,CLE,MIL,3,09:46.0,0,HOME,Away Team Ball,Home Team Ball,Overturned,CLE,Successful,Mandatory,,,,,,,,,,,,https://dmmx2.nba.com/videourlredirect?&project=/ON-AIR/0022400922_20250309_213107
20250315_INDatMIL_P4_0811_0,0022400972,2025-03-15,regular,IND,MIL,4,08:11.0,0,HOME,Away Team Ball,Away Team Ball,Stands,MIL,Unsuccessful,Mandatory,,,,,,,,,,,,https://dmmx2.nba.com/videourlredirect?&project=/ON-AIR/0022400972_20250315_220021
20250220_LACatMIL_P4_0659_0,0022400793,2025-02-20,regular,LAC,MIL,4,06:59.0,0,AWAY,Home Team Ball,Home Team Ball,Stands,LAC,Unsuccessful,Mandatory,,,,,,,,,,,,https://dmmx2.nba.com/videourlredirect?&project=/ON-AIR/0022400793_20250220_220334
20250308_ORLatMIL_P1_0034_3,0022400917,2025-03-08,regular,ORL,MIL,1,00:34.3,0,HOME,Away Team Ball,Home Team Ball,Overturned,ORL,Successful,Non-Mandatory,,,,,,,,,,,,https://dmmx2.nba.com/videourlredirect?&project=/ON-AIR/0022400917_20250308_222851
20250209_PHIatMIL_P1_0726_0,0022400754,2025-02-09,regular,PHI,MIL,1,07:26.0,0,HOME,Away Team Ball,Home Team Ball,Overturned,PHI,Successful,Mandatory,,,,,,,,,,,,https://dmmx2.nba.com/videourlredirect?&project=/ON-AIR/0022400754_20250209_141924
20250401_PHXatMIL_P4_0038_5,0022401101,2025-04-01,regular,PHX,MIL,4,00:38.5,0,HOME,Away Team Ball,Away Team Ball,Stands,MIL,Unsuccessful,Non-Mandatory,,,,,,,,,,,,https://dmmx2.nba.com/videourlredirect?&project=/ON-AIR/0022401101_20250401_215826
20250127_ATLatMIN_P4_0936_0,0022400656,2025-01-27,regular,ATL,MIN,4,09:36.0,0,AWAY,Home Team Ball,Away Team Ball,Overturned,MIN,Successful,Mandatory,,,,,,,,,,,,https://dmmx2.nba.com/videourlredirect?&project=/ON-AIR/0022400656_20250127_215915
20250127_ATLatMIN_P4_0804_0,0022400656,2025-01-27,regular,ATL,MIN,4,08:04.0,0,HOME,Away Team Ball,Home Team Ball,Overturned,ATL,Successful,Non-Mandatory,,,,,,,,,,,,https://dmmx2.nba.com/videourlredirect?&project=/ON-AIR/0022400656_20250127_220404
20250127_ATLatMIN_P4_0021_6,0022400656,2025-01-27,regular,ATL,MIN,4,00:21.6,0,AWAY,Home Team Ball,Away Team Ball,Overturned,MIN,Successful,Non-Mandatory,,,,,,,,,,,,https://dmmx2.nba.com/videourlredirect?&project=/ON-AIR/0022400656_20250127_222356
20241104_CHAatMIN_P2_0237_0,0022400162,2024-11-04,regular,CHA,MIN,2,02:37.0,0,AWAY,Home Team Ball,Home Team Ball,Stands,CHA,Unsuccessful,Non-Mandatory,,,,,,,,,,,,https://dmmx2.nba.com/videourlredirect?&project=/ON-AIR/0022400162_20241104_214731
20250205_CHIatMIN_P1_0307_0,0022400723,2025-02-05,regular,CHI,MIN,1,03:07.0,0,AWAY,Home Team Ball,Away Team Ball,Overturned,MIN,Successful,Non-Mandatory,,,,,,,,,,,,https://dmmx2.nba.com/videourlredirect?&project=/ON-AIR/0022400723_20250205_203358
20250205_CHIatMIN_P4_0436_0,0022400723,2025-02-05,regular,CHI,MIN,4,04:36.0,0,AWAY,Home Team Ball,Home Team Ball,Stands,CHI,Unsuccessful,Non-Mandatory,,,,,,,,,,,,https://dmmx2.nba.com/videourlredirect?&project=/ON-AIR/0022400723_20250205_221606
20250118_CLEatMIN_P4_0934_0,0022400590,2025-01-18,regular,CLE,MIN,4,09:34.0,0,HOME,Away Team Ball,Home Team Ball,Overturned,CLE,Successful,Mandatory,,,,,,,,,,,,https://dmmx2.nba.com/videourlredirect?&project=/ON-AIR/0022400590_20250118_225357
20241029_DALatMIN_P4_0919_0,0022400114,2024-10-29,regular,DAL,MIN,4,09:19.0,0,HOME,Away Team Ball,Away Team Ball,Stands,MIN,Unsuccessful,Mandatory,,,,,,,,,,,,https://dmmx2.nba.com/videourlredirect?&project=/ON-AIR/0022400114_20241029_213036
20250330_DETatMIN_P2_0136_0,0022401084,2025-03-30,regular,DET,MIN,2,01:36.0,0,AWAY,Home Team Ball,Away Team Ball,Overturned,MIN,Successful,Non-Mandatory,,,,,,,,,,,,https://dmmx2.nba.com/videourlredirect?&project=/ON-AIR/0022401084_20250330_202530
20250508_GSWatMIN_P3_1045_0,0042400232,2025-05-08,playoffs,GSW,MIN,3,10:45.0,0,HOME,Away Team Ball,Home Team Ball,Overturned,GSW,Successful,Mandatory,,,,,,,,,,,,https://dmmx2.nba.com/videourlredirect?&project=/ON-AIR/0042400232_20250508_220002
20250514_GSWatMIN_P1_0747_0,0042400235,2025-05-14,playoffs,GSW,MIN,1,07:47.0,0,AWAY,Home Team Ball,Away Team Ball,Overturned,MIN,Successful,Mandatory,,,,,,,,,,,,https://dmmx2.nba.com/videourlredirect?&project=/ON-AIR/0042400235_20250514_215501
20241202_LALatMIN_P2_0353_0,0022400318,2024-12-02,regular,LAL,MIN,2,03:53.0,0,AWAY,Home Team Ball,Away Team Ball,Overturned,MIN,Successful,Mandatory,,,,,,,,,,,,https://dmmx2.nba.com/videourlredirect?&project=/ON-AIR/0022400318_20241202_205337
20241202_LALatMIN_P2_0309_0,0022400318,2024-12-02,regular,LAL,MIN,2,03:09.0,0,HOME,Away Team Ball,Home Team Ball,Overturned,LAL,Successful,Non-Mandatory,,,,,,,,,,,,https://dmmx2.nba.com/videourlredirect?&project=/ON-AIR/0022400318_20241202_205745
20250425_LALatMIN_P1_0941_0,0042400163,2025-04-25,playoffs,LAL,MIN,1,09:41.0,0,AWAY,Home Team Ball,Away Team Ball,Overturned,MIN,Successful,Mandatory,,,,,,,,,,,,https://dmmx2.nba.com/videourlredirect?&project=/ON-AIR/0042400163_20250425_215906
20250427_LALatMIN_P4_0010_7,0042400164,2025-04-27,playoffs,LAL,MIN,4,00:10.7,0,AWAY,Home Team Ball,Away Team Ball,Overturned,MIN,Successful,Non-Mandatory,,,,,,,,,,,,https://dmmx2.nba.com/videourlredirect?&project=/ON-AIR/0042400164_20250427_182922
20250111_MEMatMIN_P2_0643_0,0022400535,2025-01-11,regular,MEM,MIN,2,06:43.0,0,HOME,Away Team Ball,Home Team Ball,Overturned,MEM,Successful,Mandatory,,,,,,,,,,,,https://dmmx2.nba.com/videourlredirect?&project=/ON-AIR/0022400535_20250111_204911
20250212_MILatMIN_P4_0059_1,0022400776,2025-02-12,regular,MIL,MIN,4,00:59.1,0,AWAY,Home Team Ball,Home Team Ball,Stands,MIL,Unsuccessful,Non-Mandatory,,,,,,,,,,,,https://dmmx2.nba.com/videourlredirect?&project=/ON-AIR/0022400776_20250212_221151
20250526_OKCatMIN_P1_0423_0,0042400314,2025-05-26,playoffs,OKC,MIN,1,04:23.0,0,AWAY,Home Team Ball,Away Team Ball,Overturned,MIN,Successful,Mandatory,,,,,,,,,,,,https://dmmx2.nba.com/videourlredirect?&project=/ON-AIR/0042400314_20250526_205939
20250314_ORLatMIN_P1_0723_0,0022400963,2025-03-14,regular,ORL,MIN,1,07:23.0,0,AWAY,Home Team Ball,Away Team Ball,Overturned,MIN,Successful,Mandatory,,,,,,,,,,,,https://dmmx2.nba.com/videourlredirect?&project=/ON-AIR/0022400963_20250314_201913
20250328_PHXatMIN_P1_0505_0,0022401071,2025-03-28,regular,PHX,MIN,1,05:05.0,0,AWAY,Home Team Ball,Home Team Ball,Stands,PHX,Unsuccessful,Mandatory,,,,,,,,,,,,https://dmmx2.nba.com/videourlredirect?&project=/ON-AIR/0022401071_20250328_202339
20250208_PORatMIN_P2_0217_0,0022400747,2025-02-08,regular,POR,MIN,2,02:17.0,0,HOME,Away Team Ball,Home Team Ball,Overturned,POR,Successful,Non-Mandatory,,,,,,,,,,,,https://dmmx2.nba.com/videourlredirect?&project=/ON-AIR/0022400747_20250208_210225
20250203_SACatMIN_P3_0640_0,0022400704,2025-02-03,regular,SAC,MIN,3,06:40.0,0,AWAY,Home Team Ball,Away Team Ball,Overturned,MIN,Successful,Mandatory,,,,,,,,,,,,https://dmmx2.nba.com/videourlredirect?&project=/ON-AIR/0022400704_20250203_213259
20250203_SACatMIN_P4_0006_1,0022400704,2025-02-03,regular,SAC,MIN,4,00:06.1,0,HOME,Away Team Ball,Home Team Ball,Overturned,SAC,Successful,Non-Mandatory,,,,,,,,,,,,https://dmmx2.nba.com/videourlredirect?&project=/ON-AIR/0022400704_20250203_222155
20250309_SASatMIN_P4_0537_0,0022400925,2025-03-09,regular,SAS,MIN,4,05:37.0,0,HOME,Away Team Ball,Away Team Ball,Stands,MIN,Unsuccessful,Mandatory,,,,,,,,,,,,https://dmmx2.nba.com/videourlredirect?&project=/ON-AIR/0022400925_20250309_220522
20250413_UTAatMIN_P2_0524_0,0022401195,2025-04-13,regular,UTA,MIN,2,05:24.0,0,HOME,Away Team Ball,Home Team Ball,Overturned,UTA,Successful,Mandatory,,,,,,,,,,,,https://dmmx2.nba.com/videourlredirect?&project=/ON-AIR/0022401195_20250413_161954
20241111_BKNatNOP_P4_0002_7,0022400214,2024-11-11,regular,BKN,NOP,4,00:02.7,0,HOME,Away Team Ball,Home Team Ball,Overturned,BKN,Successful,Non-Mandatory,,,,,,,,,,,,https://dmmx2.nba.com/videourlredirect?&project=/ON-AIR/0022400214_20241111_222435
20250115_DALatNOP_P4_0033_7,0022400566,2025-01-15,regular,DAL,NOP,4,00:33.7,0,AWAY,Home Team Ball,Away Team Ball,Overturned,NOP,Successful,Non-Mandatory,,,,,,,,,,,,https://dmmx2.nba.com/videourlredirect?&project=/ON-AIR/0022400566_20250115_221346
20250129_DALatNOP_P4_0335_0,0022400670,2025-01-29,regular,DAL,NOP,4,03:35.0,0,AWAY,Home Team Ball,Away Team Ball,Overturned,NOP,Successful,Non-Mandatory,,,,,,,,,,,,https://dmmx2.nba.com/videourlredirect?&project=/ON-AIR/0022400670_20250129_220614
20241222_DENatNOP_P3_0614_0,0022400390,2024-12-22,regular,DEN,NOP,3,06:14.0,0,AWAY,Home Team Ball,Away Team Ball,Overturned,NOP,Successful,Mandatory,,,,,,,,,,,,https://dmmx2.nba.com/videourlredirect?&project=/ON-AIR/0022400390_20241222_203453
20250317_DETatNOP_P1_0000_0,0022400987,2025-03-17,regular,DET,NOP,1,00:00.0,0,AWAY,Home Team Ball,Home Team Ball,Stands,DET,Unsuccessful,Non-Mandatory,,,,,,,,,,,,https://dmmx2.nba.com/videourlredirect?&project=/ON-AIR/0022400987_20250317_220951
20250328_GSWatNOP_P1_0133_0,0022401072,2025-03-28,regular,GSW,NOP,1,01:33.0,0,HOME,Away Team Ball,Home Team Ball,Overturned,GSW,Successful,Non-Mandatory,,,,,,,,,,,,https://dmmx2.nba.com/videourlredirect?&project=/ON-AIR/0022401072_20250328_203245
20250328_GSWatNOP_P4_0047_4,0022401072,2025-03-28,regular,GSW,NOP,4,00:47.4,0,AWAY,Home Team Ball,Away Team Ball,Overturned,NOP,Successful,Non-Mandatory,,,,,,,,,,,,https://dmmx2.nba.com/videourlredirect?&project=/ON-AIR/0022401072_20250328_222912
20250306_HOUatNOP_P1_1131_0,0022400902,2025-03-06,regular,HOU,NOP,1,11:31.0,0,AWAY,Home Team Ball,Away Team Ball,Overturned,NOP,Successful,Mandatory,,,,,,,,,,,,https://dmmx2.nba.com/videourlredirect?&project=/ON-AIR/0022400902_20250306_201143
20250306_HOUatNOP_P4_0445_0,0022400902,2025-03-06,regular,HOU,NOP,4,04:45.0,0,AWAY,Home Team Ball,Away Team Ball,Overturned,NOP,Successful,Mandatory,,,,,,,,,,,,https://dmmx2.nba.com/videourlredirect?&project=/ON-AIR/0022400902_20250306_221325
20250306_HOUatNOP_P4_0304_0,0022400902,2025-03-06,regular,HOU,NOP,4,03:04.0,0,HOME,Away Team Ball,Home Team Ball,Overturned,HOU,Successful,Non-Mandatory,,,,,,,,,,,,https://dmmx2.nba.com/videourlredirect?&project=/ON-AIR/0022400902_20250306_221956
20241101_INDatNOP_P3_0915_0,0022400138,2024-11-01,regular,IND,NOP,3,09:15.0,0,AWAY,Home Team Ball,Jump Ball,Overturned,NOP,Successful,Mandatory,,,,,,,,,,,,https://dmmx2.nba.com/videourlredirect?&project=/ON-AIR/0022400138_20241101_212059
20241230_LACatNOP_P4_0234_0,0022400444,2024-12-30,regular,LAC,NOP,4,02:34.0,0,AWAY,Home Team Ball,Away Team Ball,Overturned,NOP,Successful,Non-Mandatory,,,,,,,,,,,,https://dmmx2.nba.com/videourlredirect?&project=/ON-AIR/0022400444_20241230_221756
20250311_LACatNOP_P2_0228_0,0022400943,2025-03-11,regular,LAC,NOP,2,02:28.0,0,AWAY,Home Team Ball,Away Team Ball,Overturned,NOP,Successful,Non-Mandatory,,,,,,,,,,,,https://dmmx2.nba.com/videourlredirect?&project=/ON-AIR/0022400943_20250311_205549
20250311_LACatNOP_P3_0409_0,0022400943,2025-03-11,regular,LAC,NOP,3,04:09.0,0,AWAY,Home Team Ball,Away Team Ball,Overturned,NOP,Successful,Non-Mandatory,,,,,,,,,,,,https://dmmx2.nba.com/videourlredirect?&project=/ON-AIR/0022400943_20250311_213814
20241116_LALatNOP_P3_0954_0,0022400231,2024-11-16,regular,LAL,NOP,3,09:54.0,0,AWAY,Home Team Ball,Home Team Ball,Stands,LAL,Unsuccessful,Mandatory,,,,,,,,,,,,https://dmmx2.nba.com/videourlredirect?&project=/ON-AIR/0022400231_20241116_212218
20250309_MEMatNOP_P2_0556_0,0022400923,2025-03-09,regular,MEM,NOP,2,05:56.0,0,AWAY,Home Team Ball,Jump Ball,Overturned,NOP,Successful,Mandatory,,,,,,,,,,,,https://dmmx2.nba.com/videourlredirect?&project=/ON-AIR/0022400923_20250309_195405
20250107_MINatNOP_P4_0343_0,0022400505,2025-01-07,regular,MIN,NOP,4,03:43.0,0,AWAY,Home Team Ball,Away Team Ball,Overturned,NOP,Successful,Non-Mandatory,,,,,,,,,,,,https://dmmx2.nba.com/videourlredirect?&project=/ON-AIR/0022400505_20250107_221357
20250313_ORLatNOP_P4_0715_0,0022401141,2025-03-13,regular,ORL,NOP,4,07:15.0,0,HOME,Away Team Ball,Home Team Ball,Overturned,ORL,Successful,Mandatory,,,,,,,,,,,,https://dmmx2.nba.com/videourlredirect?&project=/ON-AIR/0022401141_20250313_220441
20241127_TORatNOP_P3_0305_0,0022400295,2024-11-27,regular,TOR,NOP,3,03:05.0,0,HOME,Away Team Ball,Home Team Ball,Overturned,TOR,Successful,Non-Mandatory,,,,,,,,,,,,https://dmmx2.nba.com/videourlredirect?&project=/ON-AIR/0022400295_20241127_213821
20250120_UTAatNOP_P1_0736_0,0022400605,2025-01-20,regular,UTA,NOP,1,07:36.0,0,HOME,Away Team Ball,Home Team Ball,Overturned,UTA,Successful,Mandatory,,,,,,,,,,,,https://dmmx2.nba.com/videourlredirect?&project=/ON-AIR/0022400605_20250120_202021
20250103_WASatNOP_P1_0806_0,0022400472,2025-01-03,regular,WAS,NOP,1,08:06.0,0,AWAY,Home Team Ball,Away Team Ball,Overturned,NOP,Successful,Mandatory,,,,,,,,,,,,https://dmmx2.nba.com/videourlredirect?&project=/ON-AIR/0022400472_20250103_202003
20250103_WASatNOP_P4_0508_0,0022400472,2025-01-03,regular,WAS,NOP,4,05:08.0,0,HOME,Away Team Ball,Away Team Ball,Stands,NOP,Unsuccessful,Mandatory,,,,,,,,,,,,https://dmmx2.nba.com/videourlredirect?&project=/ON-AIR/0022400472_20250103_220929
20250120_ATLatNYK_P1_0042_3,0022400602,2025-01-20,regular,ATL,NYK,1,00:42.3,0,AWAY,Home Team Ball,Away Team Ball,Overturned,NYK,Successful,Non-Mandatory,,,,,,,,,,,,https://dmmx2.nba.com/videourlredirect?&project=/ON-AIR/0022400602_20250120_154045
20250120_ATLatNYK_P3_0851_0,0022400602,2025-01-20,regular,ATL,NYK,3,08:51.0,0,HOME,Away Team Ball,Home Team Ball,Overturned,ATL,Successful,Mandatory,,,,,,,,,,,,https://dmmx2.nba.com/videourlredirect?&project=/ON-AIR/0022400602_20250120_164233
20250212_ATLatNYK_P2_0547_0,0022400773,2025-02-12,regular,ATL,NYK,2,05:47.0,0,HOME,Away Team Ball,Jump Ball,Overturned,ATL,Successful,Non-Mandatory,,,,,,,,,,,,https://dmmx2.nba.com/videourlredirect?&project=/ON-AIR/0022400773_20250212_202946
20241115_BKNatNYK_P4_0415_0,0022400014,2024-11-15,regular,BKN,NYK,4,04:15.0,0,HOME,Away Team Ball,Home Team Ball,Overturned,BKN,Successful,Non-Mandatory,,,,,,,,,,,,https://dmmx2.nba.com/videourlredirect?&project=/ON-AIR/0022400014_20241115_220636
20241117_BKNatNYK_P2_0241_0,0022400240,2024-11-17,regular,BKN,NYK,2,02:41.0,0,AWAY,Home Team Ball,Away Team Ball,Overturned,NYK,Successful,Non-Mandatory,,,,,,,,,,,,https://dmmx2.nba.com/videourlredirect?&project=/ON-AIR/0022400240_20241117_200517
20250208_BOSatNYK_P1_0410_0,0022400748,2025-02-08,regular,BOS,NYK,1,04:10.0,0,HOME,Away Team Ball,Home Team Ball,Overturned,BOS,Successful,Mandatory,,,,,,,,,,,,https://dmmx2.nba.com/videourlredirect?&project=/ON-AIR/0022400748_20250208_205724
20250516_BOSatNYK_P2_0500_0,0042400216,2025-05-16,playoffs,BOS,NYK,2,05:00.0,0,AWAY,Home Team Ball,Away Team Ball,Overturned,NYK,Successful,Non-Mandatory,,,,,,,,,,,,https://dmmx2.nba.com/videourlredirect?&project=/ON-AIR/0042400216_20250516_210636
20250516_BOSatNYK_P3_0632_0,0042400216,2025-05-16,playoffs,BOS,NYK,3,06:32.0,0,AWAY,Home Team Ball,Away Team Ball,Overturned,NYK,Successful,Mandatory,,,,,,,,,,,,https://dmmx2.nba.com/videourlredirect?&project=/ON-AIR/0042400216_20250516_215012
20241113_CHIatNYK_P1_0146_0,0022400219,2024-11-13,regular,CHI,NYK,1,01:46.0,0,HOME,Away Team Ball,Away Team Ball,Stands,NYK,Unsuccessful,Non-Mandatory,,,,,,,,,,,,https://dmmx2.nba.com/videourlredirect?&project=/ON-AIR/0022400219_20241113_200355
20250129_DENatNYK_P1_0340_0,0022400668,2025-01-29,regular,DEN,NYK,1,03:40.0,0,AWAY,Home Team Ball,Away Team Ball,Overturned,NYK,Successful,Mandatory,,,,,,,,,,,,https://dmmx2.nba.com/videourlredirect?&project=/ON-AIR/0022400668_20250129_200320
20250129_DENatNYK_P2_1007_0,0022400668,2025-01-29,regular,DEN,NYK,2,10:07.0,0,HOME,Away Team Ball,Home Team Ball,Overturned,DEN,Successful,Mandatory,,,,,,,,,,,,https://dmmx2.nba.com/videourlredirect?&project=/ON-AIR/0022400668_20250129_202031
20250113_DETatNYK_P4_0148_0,0022400549,2025-01-13,regular,DET,NYK,4,01:48.0,0,HOME,Away Team Ball,Home Team Ball,Overturned,DET,Successful,Mandatory,,,,,,,,,,,,https://dmmx2.nba.com/videourlredirect?&project=/ON-AIR/0022400549_20250113_215227
20250203_HOUatNYK_P4_0038_0,0022400702,2025-02-03,regular,HOU,NYK,4,00:38.0,0,HOME,Away Team Ball,Jump Ball,Overturned,NYK,Unsuccessful,Non-Mandatory,,,,,,,,,,,,https://dmmx2.nba.com/videourlredirect?&project=/ON-AIR/0022400702_20250203_215736
20250521_INDatNYK_P5_0020_0,0042400301,2025-05-21,playoffs,IND,NYK,5,00:20.0,0,HOME,Away Team Ball,Home Team Ball,Overturned,IND,Successful,Non-Mandatory,,,,,,,,,,,,https://dmmx2.nba.com/videourlredirect?&project=/ON-AIR/0042400301_20250521_230726
20250523_INDatNYK_P2_1142_0,0042400302,2025-05-23,playoffs,IND,NYK,2,11:42.0,0,AWAY,Home Team Ball,Away Team Ball,Overturned,NYK,Successful,Mandatory,,,,,,,,,,,,https://dmmx2.nba.com/videourlredirect?&project=/ON-AIR/0042400302_20250523_203749
20250201_LALatNYK_P1_0645_0,0022400692,2025-02-01,regular,LAL,NYK,1,06:45.0,0,AWAY,Home Team Ball,Away Team Ball,Overturned,NYK,Successful,Non-Mandatory,,,,,,,,,,,,https://dmmx2.nba.com/videourlredirect?&project=/ON-AIR/0022400692_20250201_204919
20250127_MEMatNYK_P1_0705_0,0022400653,2025-01-27,regular,MEM,NYK,1,07:05.0,0,HOME,Away Team Ball,Home Team Ball,Overturned,MEM,Successful,Mandatory,,,,,,,,,,,,https://dmmx2.nba.com/videourlredirect?&project=/ON-AIR/0022400653_20250127_195154
20250317_MIAatNYK_P4_1005_0,0022400984,2025-03-17,regular,MIA,NYK,4,10:05.0,0,AWAY,Home Team Ball,Away Team Ball,Overturned,NYK,Successful,Mandatory,,,,,,,,,,,,https://dmmx2.nba.com/videourlredirect?&project=/ON-AIR/0022400984_20250317_213720
20250317_MIAatNYK_P4_0643_0,0022400984,2025-03-17,regular,MIA,NYK,4,06:43.0,0,AWAY,Home Team Ball,Away Team Ball,Overturned,NYK,Successful,Non-Mandatory,,,,,,,,,,,,https://dmmx2.nba.com/videourlredirect?&project=/ON-AIR/0022400984_20250317_215114
20241203_ORLatNYK_P4_1138_0,0022400053,2024-12-03,regular,ORL,NYK,4,11:38.0,0,HOME,Away Team Ball,Home Team Ball,Overturned,ORL,Successful,Mandatory,,,,,,,,,,,,https://dmmx2.nba.com/videourlredirect?&project=/ON-AIR/0022400053_20241203_213102
20250226_PHIatNYK_P4_0831_0,0022400838,2025-02-26,regular,PHI,NYK,4,08:31.0,0,HOME,Away Team Ball,Home Team Ball,Overturned,PHI,Successful,Mandatory,,,,,,,,,,,,https://dmmx2.nba.com/videourlredirect?&project=/ON-AIR/0022400838_20250226_210943
20250226_PHIatNYK_P4_0115_0,0022400838,2025-02-26,regular,PHI,NYK,4,01:15.0,0,AWAY,Home Team Ball,Home Team Ball,Stands,PHI,Unsuccessful,Non-Mandatory,,,,,,,,,,,,https://dmmx2.nba.com/videourlredirect?&project=/ON-AIR/0022400838_20250226_212733
20250406_PHXatNYK_P1_0230_0,0022401140,2025-04-06,regular,PHX,NYK,1,02:30.0,0,HOME,Away Team Ball,Home Team Ball,Overturned,PHX,Successful,Non-Mandatory,,,,,,,,,,,,https://dmmx2.nba.com/videourlredirect?&project=/ON-AIR/0022401140_20250406_193338
20250406_PHXatNYK_P3_0716_0,0022401140,2025-04-06,regular,PHX,NYK,3,07:16.0,0,AWAY,Home Team Ball,Away Team Ball,Overturned,NYK,Successful,Mandatory,,,,,,,,,,,,https://dmmx2.nba.com/videourlredirect?&project=/ON-AIR/0022401140_20250406_203250
20250330_PORatNYK_P2_0128_0,0022401082,2025-03-30,regular,POR,NYK,2,01:28.0,0,AWAY,Home Team Ball,Away Team Ball,Overturned,NYK,Successful,Non-Mandatory,,,,,,,,,,,,https://dmmx2.nba.com/videourlredirect?&project=/ON-AIR/0022401082_20250330_190212
20250330_PORatNYK_P3_0139_0,0022401082,2025-03-30,regular,POR,NYK,3,01:39.0,0,AWAY,Home Team Ball,Away Team Ball,Overturned,NYK,Successful,Mandatory,,,,,,,,,,,,https://dmmx2.nba.com/videourlredirect?&project=/ON-AIR/0022401082_20250330_194047
20250330_PORatNYK_P4_0703_0,0022401082,2025-03-30,regular,POR,NYK,4,07:03.0,0,HOME,Away Team Ball,Home Team Ball,Overturned,POR,Successful,Mandatory,,,,,,,,,,,,https://dmmx2.nba.com/videourlredirect?&project=/ON-AIR/0022401082_20250330_200005
20250125_SACatNYK_P2_0009_9,0022400641,2025-01-25,regular,SAC,NYK,2,00:09.9,0,AWAY,Home Team Ball,Jump Ball,Overturned,NYK,Successful,Non-Mandatory,,,,,,,,,,,,https://dmmx2.nba.com/videourlredirect?&project=/ON-AIR/0022400641_20250125_203753
20250108_TORatNYK_P3_0020_6,0022400511,2025-01-08,regular,TOR,NYK,3,00:20.6,0,AWAY,Home Team Ball,Away Team Ball,Overturned,NYK,Successful,Non-Mandatory,,,,,,,,,,,,https://dmmx2.nba.com/videourlredirect?&project=/ON-AIR/0022400511_20250108_212335
20250321_CHAatOKC_P3_0338_0,0022401017,2025-03-21,regular,CHA,OKC,3,03:38.0,0,HOME,Away Team Ball,Away Team Ball,Stands,OKC,Unsuccessful,Non-Mandatory,,,,,,,,,,,,https://dmmx2.nba.com/videourlredirect?&project=/ON-AIR/0022401017_20250321_213541
20250309_DENatOKC_P1_0023_6,0022400920,2025-03-09,regular,DEN,OKC,1,00:23.6,0,HOME,Away Team Ball,Home Team Ball,Overturned,DEN,Successful,Non-Mandatory,,,,,,,,,,,,https://dmmx2.nba.com/videourlredirect?&project=/ON-AIR/0022400920_20250309_133530
20250309_DENatOKC_P3_0826_0,0022400920,2025-03-09,regular,DEN,OKC,3,08:26.0,0,AWAY,Home Team Ball,Away Team Ball,Overturned,OKC,Successful,Mandatory,,,,,,,,,,,,https://dmmx2.nba.com/videourlredirect?&project=/ON-AIR/0022400920_20250309_143507
20250505_DENatOKC_P3_0704_0,0042400221,2025-05-05,playoffs,DEN,OKC,3,07:04.0,0,AWAY,Home Team Ball,Away Team Ball,Overturned,OKC,Successful,Mandatory,,,,,,,,,,,,https://dmmx2.nba.com/videourlredirect?&project=/ON-AIR/0042400221_20250505_231123
20250518_DENatOKC_P4_1141_0,0042400227,2025-05-18,playoffs,DEN,OKC,4,11:41.0,0,AWAY,Home Team Ball,Away Team Ball,Overturned,OKC,Successful,Mandatory,,,,,,,,,,,,https://dmmx2.nba.com/videourlredirect?&project=/ON-AIR/0042400227_20250518_173558
20241214_HOUatOKC_P2_0616_0,0022401230,2024-12-14,regular,HOU,OKC,2,06:16.0,0,AWAY,Home Team Ball,Home Team Ball,Stands,HOU,Unsuccessful,Mandatory,,,,,,,,,,,,https://dmmx2.nba.com/videourlredirect?&project=/ON-AIR/0022401230_20241214_213323
20250303_HOUatOKC_P4_1033_0,0022400879,2025-03-03,regular,HOU,OKC,4,10:33.0,0,AWAY,Home Team Ball,Home Team Ball,Stands,HOU,Unsuccessful,Mandatory,,,,,,,,,,,,https://dmmx2.nba.com/videourlredirect?&project=/ON-AIR/0022400879_20250303_215053
20250605_INDatOKC_P4_0022_8,0042400401,2025-06-05,playoffs,IND,OKC,4,00:22.8,0,AWAY,Home Team Ball,Home Team Ball,Stands,IND,Unsuccessful,Non-Mandatory,,,,,,,,,,,,https://dmmx2.nba.com/videourlredirect?&project=/ON-AIR/0042400401_20250605_230108
20250616_INDatOKC_P4_1019_0,0042400405,2025-06-16,playoffs,IND,OKC,4,10:19.0,0,AWAY,Home Team Ball,Away Team Ball,Overturned,OKC,Successful,Mandatory,,,,,,,,,,,,https://dmmx2.nba.com/videourlredirect?&project=/ON-AIR/0042400405_20250616_224523
20250616_INDatOKC_P4_0151_0,0042400405,2025-06-16,playoffs,IND,OKC,4,01:51.0,0,AWAY,Home Team Ball,Home Team Ball,Stands,IND,Unsuccessful,Non-Mandatory,,,,,,,,,,,,https://dmmx2.nba.com/videourlredirect?&project=/ON-AIR/0042400405_20250616_231218
20250622_INDatOKC_P4_1105_0,0042400407,2025-06-22,playoffs,IND,OKC,4,11:05.0,0,AWAY,Home Team Ball,Away Team Ball,Overturned,OKC,Successful,Mandatory,,,,,,,,,,,,https://dmmx2.nba.com/videourlredirect?&project=/ON-AIR/0042400407_20250622_220453
20241111_LACatOKC_P3_0715_0,0022400215,2024-11-11,regular,LAC,OKC,3,07:15.0,0,HOME,Away Team Ball,Away Team Ball,Stands,OKC,Unsuccessful,Mandatory,,,,,,,,,,,,https://dmmx2.nba.com/videourlredirect?&project=/ON-AIR/0022400215_20241111_213600
20250102_LACatOKC_P3_0258_0,0022400466,2025-01-02,regular,LAC,OKC,3,02:58.0,0,AWAY,Home Team Ball,Away Team Ball,Overturned,OKC,Successful,Non-Mandatory,,,,,,,,,,,,https://dmmx2.nba.com/videourlredirect?&project=/ON-AIR/0022400466_20250102_213932
20241231_MINatOKC_P3_1029_0,0022400452,2024-12-31,regular,MIN,OKC,3,10:29.0,0,HOME,Away Team Ball,Away Team Ball,Stands,OKC,Unsuccessful,Mandatory,,,,,,,,,,,,https://dmmx2.nba.com/videourlredirect?&project=/ON-AIR/0022400452_20241231_211918
20250224_MINatOKC_P4_0250_0,0022400826,2025-02-24,regular,MIN,OKC,4,02:50.0,0,AWAY,Home Team Ball,Home Team Ball,Stands,MIN,Unsuccessful,Non-Mandatory,,,,,,,,,,,,https://dmmx2.nba.com/videourlredirect?&project=/ON-AIR/0022400826_20250224_221524
20250520_MINatOKC_P1_0310_0,0042400311,2025-05-20,playoffs,MIN,OKC,1,03:10.0,0,HOME,Away Team Ball,Away Team Ball,Stands,OKC,Unsuccessful,Mandatory,,,,,,,,,,,,https://dmmx2.nba.com/videourlredirect?&project=/ON-AIR/0042400311_20250520_210413
20250210_NOPatOKC_P2_0520_0,0022400761,2025-02-10,regular,NOP,OKC,2,05:20.0,0,HOME,Away Team Ball,Home Team Ball,Overturned,NOP,Successful,Non-Mandatory,,,,,,,,,,,,https://dmmx2.nba.com/videourlredirect?&project=/ON-AIR/0022400761_20250210_205538
20250319_PHIatOKC_P3_0707_0,0022401002,2025-03-19,regular,PHI,OKC,3,07:07.0,0,AWAY,Home Team Ball,Away Team Ball,Overturned,OKC,Successful,Mandatory,,,,,,,,,,,,https://dmmx2.nba.com/videourlredirect?&project=/ON-AIR/0022401002_20250319_213024
20250205_PHXatOKC_P2_0250_0,0022400724,2025-02-05,regular,PHX,OKC,2,02:50.0,0,AWAY,Home Team Ball,Away Team Ball,Overturned,OKC,Successful,Non-Mandatory,,,,,,,,,,,,https://dmmx2.nba.com/videourlredirect?&project=/ON-AIR/0022400724_20250205_223013
20250207_TORatOKC_P3_1114_0,0022400739,2025-02-07,regular,TOR,OKC,3,11:14.0,0,HOME,Away Team Ball,Home Team Ball,Overturned,TOR,Successful,Mandatory,,,,,,,,,,,,https://dmmx2.nba.com/videourlredirect?&project=/ON-AIR/0022400739_20250207_212746
20250207_TORatOKC_P4_0804_0,0022400739,2025-02-07,regular,TOR,OKC,4,08:04.0,0,AWAY,Home Team Ball,Home Team Ball,Stands,TOR,Unsuccessful,Non-Mandatory,,,,,,,,,,,,https://dmmx2.nba.com/videourlredirect?&project=/ON-AIR/0022400739_20250207_221058
20241203_UTAatOKC_P2_0207_0,0022400055,2024-12-03,regular,UTA,OKC,2,02:07.0,0,AWAY,Home Team Ball,Home Team Ball,Stands,UTA,Unsuccessful,Non-Mandatory,,,,,,,,,,,,https://dmmx2.nba.com/videourlredirect?&project=/ON-AIR/0022400055_20241203_210620
20241223_WASatOKC_P3_0050_3,0022400400,2024-12-23,regular,WAS,OKC,3,00:50.3,0,AWAY,Home Team Ball,Away Team Ball,Overturned,OKC,Successful,Non-Mandatory,,,,,,,,,,,,https://dmmx2.nba.com/videourlredirect?&project=/ON-AIR/0022400400_20241223_215347
20250210_ATLatORL_P4_0637_0,0022400756,2025-02-10,regular,ATL,ORL,4,06:37.0,0,HOME,Away Team Ball,Home Team Ball,Overturned,ATL,Successful,Mandatory,,,,,,,,,,,,https://dmmx2.nba.com/videourlredirect?&project=/ON-AIR/0022400756_20250210_211025
20250210_ATLatORL_P4_0103_0,0022400756,2025-02-10,regular,ATL,ORL,4,01:03.0,0,HOME,Away Team Ball,Home Team Ball,Overturned,ATL,Successful,Non-Mandatory,,,,,,,,,,,,https://dmmx2.nba.com/videourlredirect?&project=/ON-AIR/0022400756_20250210_212426
20250409_BOSatORL_P1_0259_0,0022401156,2025-04-09,regular,BOS,ORL,1,02:59.0,0,AWAY,Home Team Ball,Away Team Ball,Overturned,ORL,Successful,Mandatory,,,,,,,,,,,,https://dmmx2.nba.com/videourlredirect?&project=/ON-AIR/0022401156_20250409_192922
20250409_BOSatORL_P4_0723_0,0022401156,2025-04-09,regular,BOS,ORL,4,07:23.0,0,HOME,Away Team Ball,Home Team Ball,Overturned,BOS,Successful,Mandatory,,,,,,,,,,,,https://dmmx2.nba.com/videourlredirect?&project=/ON-AIR/0022401156_20250409_205216
20250425_BOSatORL_P2_0950_0,0042400113,2025-04-25,playoffs,BOS,ORL,2,09:50.0,0,HOME,Away Team Ball,Away Team Ball,Stands,ORL,Unsuccessful,Non-Mandatory,,,,,,,,,,,,https://dmmx2.nba.com/videourlredirect?&project=/ON-AIR/0042400113_20250425_200050
20250425_BOSatORL_P4_0048_4,0042400113,2025-04-25,playoffs,BOS,ORL,4,00:48.4,0,AWAY,Home Team Ball,Jump Ball,Overturned,BOS,Unsuccessful,Non-Mandatory,,,,,,,,,,,,https://dmmx2.nba.com/videourlredirect?&project=/ON-AIR/0042400113_20250425_220216
20241112_CHAatORL_P4_0614_0,0022400003,2024-11-12,regular,CHA,ORL,4,06:14.0,0,AWAY,Home Team Ball,Jump Ball,Overturned,ORL,Successful,Mandatory,,,,,,,,,,,,https://dmmx2.nba.com/videourlredirect?&project=/ON-AIR/0022400003_20241112_210555
20250306_CHIatORL_P4_0254_0,0022400944,2025-03-06,regular,CHI,ORL,4,02:54.0,0,HOME,Away Team Ball,Away Team Ball,Stands,ORL,Unsuccessful,Non-Mandatory,,,,,,,,,,,,https://dmmx2.nba.com/videourlredirect?&project=/ON-AIR/0022400944_20250306_213725
20250119_DENatORL_P2_0323_0,0022400593,2025-01-19,regular,DEN,ORL,2,03:23.0,0,HOME,Away Team Ball,Home Team Ball,Overturned,DEN,Successful,Mandatory,,,,,,,,,,,,https://dmmx2.nba.com/videourlredirect?&project=/ON-AIR/0022400593_20250119_185825
20250125_DETatORL_P2_0320_0,0022400638,2025-01-25,regular,DET,ORL,2,03:20.0,0,HOME,Away Team Ball,Home Team Ball,Overturned,DET,Successful,Non-Mandatory,,,,,,,,,,,,https://dmmx2.nba.com/videourlredirect?&project=/ON-AIR/0022400638_20250125_201431
20250319_HOUatORL_P3_0231_0,0022400999,2025-03-19,regular,HOU,ORL,3,02:31.0,0,AWAY,Home Team Ball,Away Team Ball,Overturned,ORL,Successful,Non-Mandatory,,,,,,,,,,,,https://dmmx2.nba.com/videourlredirect?&project=/ON-AIR/0022400999_20250319_204222
20241028_INDatORL_P3_0728_0,0022400102,2024-10-28,regular,IND,ORL,3,07:28.0,0,AWAY,Home Team Ball,Away Team Ball,Overturned,ORL,Successful,Mandatory,,,,,,,,,,,,https://dmmx2.nba.com/videourlredirect?&project=/ON-AIR/0022400102_20241028_203714
20250324_LALatORL_P3_0306_0,0022401038,2025-03-24,regular,LAL,ORL,3,03:06.0,0,AWAY,Home Team Ball,Away Team Ball,Overturned,ORL,Successful,Mandatory,,,,,,,,,,,,https://dmmx2.nba.com/videourlredirect?&project=/ON-AIR/0022401038_20250324_204553
20250221_MEMatORL_P4_0205_0,0022400798,2025-02-21,regular,MEM,ORL,4,02:05.0,0,HOME,Away Team Ball,Home Team Ball,Overturned,MEM,Successful,Non-Mandatory,,,,,,,,,,,,https://dmmx2.nba.com/videourlredirect?&project=/ON-AIR/0022400798_20250221_212931
20241221_MIAatORL_P4_0414_0,0022400377,2024-12-21,regular,MIA,ORL,4,04:14.0,0,AWAY,Home Team Ball,Home Team Ball,Stands,MIA,Unsuccessful,Non-Mandatory,,,,,,,,,,,,https://dmmx2.nba.com/videourlredirect?&project=/ON-AIR/0022400377_20241221_212318
20250109_MINatORL_P3_0057_0,0022400519,2025-01-09,regular,MIN,ORL,3,00:57.0,0,HOME,Away Team Ball,Home Team Ball,Overturned,MIN,Successful,Non-Mandatory,,,,,,,,,,,,https://dmmx2.nba.com/videourlredirect?&project=/ON-AIR/0022400519_20250109_204733
20241215_NYKatORL_P1_0603_0,0022401227,2024-12-15,regular,NYK,ORL,1,06:03.0,0,AWAY,Home Team Ball,Away Team Ball,Overturned,ORL,Successful,Mandatory,,,,,,,,,,,,https://dmmx2.nba.com/videourlredirect?&project=/ON-AIR/0022401227_20241215_182051
20241227_NYKatORL_P2_0626_0,0022400419,2024-12-27,regular,NYK,ORL,2,06:26.0,0,HOME,Away Team Ball,Home Team Ball,Overturned,NYK,Successful,Mandatory,,,,,,,,,,,,https://dmmx2.nba.com/videourlredirect?&project=/ON-AIR/0022400419_20241227_195418
20241227_NYKatORL_P3_0849_0,0022400419,2024-12-27,regular,NYK,ORL,3,08:49.0,0,AWAY,Home Team Ball,Away Team Ball,Overturned,ORL,Successful,Mandatory,,,,,,,,,,,,https://dmmx2.nba.com/videourlredirect?&project=/ON-AIR/0022400419_20241227_203859
20241219_OKCatORL_P2_0510_0,0022400361,2024-12-19,regular,OKC,ORL,2,05:10.0,0,HOME,Away Team Ball,Home Team Ball,Overturned,OKC,Successful,Non-Mandatory,,,,,,,,,,,,https://dmmx2.nba.com/videourlredirect?&project=/ON-AIR/0022400361_20241219_195551
20250304_TORatORL_P2_0141_0,0022400883,2025-03-04,regular,TOR,ORL,2,01:41.0,0,AWAY,Home Team Ball,Away Team Ball,Overturned,ORL,Successful,Non-Mandatory,,,,,,,,,,,,https://dmmx2.nba.com/videourlredirect?&project=/ON-AIR/0022400883_20250304_200705
20250304_TORatORL_P3_0747_0,0022400883,2025-03-04,regular,TOR,ORL,3,07:47.0,0,HOME,Away Team Ball,Home Team Ball,Overturned,TOR,Successful,Mandatory,,,,,,,,,,,,https://dmmx2.nba.com/videourlredirect?&project=/ON-AIR/0022400883_20250304_203938
20250411_ATLatPHI_P1_0554_0,0022401173,2025-04-11,regular,ATL,PHI,1,05:54.0,0,HOME,Away Team Ball,Home Team Ball,Overturned,ATL,Successful,Mandatory,,,,,,,,,,,,https://dmmx2.nba.com/videourlredirect?&project=/ON-AIR/0022401173_20250411_192342
20241122_BKNatPHI_P4_0802_0,0022400027,2024-11-22,regular,BKN,PHI,4,08:02.0,0,AWAY,Home Team Ball,Away Team Ball,Overturned,PHI,Successful,Mandatory,,,,,,,,,,,,https://dmmx2.nba.com/videourlredirect?&project=/ON-AIR/0022400027_20241122_205821
20250202_BOSatPHI_P4_0841_0,0022400698,2025-02-02,regular,BOS,PHI,4,08:41.0,0,HOME,Away Team Ball,Home Team Ball,Overturned,BOS,Successful,Non-Mandatory,,,,,,,,,,,,https://dmmx2.nba.com/videourlredirect?&project=/ON-AIR/0022400698_20250202_200746
20241220_CHAatPHI_P4_0730_0,0022400373,2024-12-20,regular,CHA,PHI,4,07:30.0,0,HOME,Away Team Ball,Home Team Ball,Overturned,CHA,Successful,Mandatory,,,,,,,,,,,,https://dmmx2.nba.com/videourlredirect?&project=/ON-AIR/0022400373_20241220_210555
20250204_DALatPHI_P4_0912_0,0022400712,2025-02-04,regular,DAL,PHI,4,09:12.0,0,AWAY,Home Team Ball,Away Team Ball,Overturned,PHI,Successful,Mandatory,,,,,,,,,,,,https://dmmx2.nba.com/videourlredirect?&project=/ON-AIR/0022400712_20250204_210123
20250301_GSWatPHI_P4_0049_3,0022400864,2025-03-01,regular,GSW,PHI,4,00:49.3,0,AWAY,Home Team Ball,Away Team Ball,Overturned,PHI,Successful,Non-Mandatory,,,,,,,,,,,,https://dmmx2.nba.com/videourlredirect?&project=/ON-AIR/0022400864_20250301_230204
20250128_LALatPHI_P1_0210_0,0022400660,2025-01-28,regular,LAL,PHI,1,02:10.0,0,AWAY,Home Team Ball,Away Team Ball,Overturned,PHI,Successful,Non-Mandatory,,,,,,,,,,,,https://dmmx2.nba.com/videourlredirect?&project=/ON-AIR/0022400660_20250128_195808
20250403_MILatPHI_P4_0642_0,0022401115,2025-04-03,regular,MIL,PHI,4,06:42.0,0,HOME,Away Team Ball,Home Team Ball,Overturned,MIL,Successful,Mandatory,,,,,,,,,,,,https://dmmx2.nba.com/videourlredirect?&project=/ON-AIR/0022401115_20250403_210154
20250405_MINatPHI_P4_0419_0,0022401130,2025-04-05,regular,MIN,PHI,4,04:19.0,0,AWAY,Home Team Ball,Away Team Ball,Overturned,PHI,Successful,Non-Mandatory,,,,,,,,,,,,https://dmmx2.nba.com/videourlredirect?&project=/ON-AIR/0022401130_20250405_210907
20250110_NOPatPHI_P3_0901_0,0022400527,2025-01-10,regular,NOP,PHI,3,09:01.0,0,HOME,Away Team Ball,Home Team Ball,Overturned,NOP,Successful,Mandatory,,,,,,,,,,,,https://dmmx2.nba.com/videourlredirect?&project=/ON-AIR/0022400527_20250110_202826
20250309_UTAatPHI_P4_0001_8,0022400924,2025-03-09,regular,UTA,PHI,4,00:01.8,0,AWAY,Home Team Ball,Away Team Ball,Overturned,PHI,Successful,Non-Mandatory,,,,,,,,,,,,https://dmmx2.nba.com/videourlredirect?&project=/ON-AIR/0022400924_20250309_215538
20250326_BOSatPHX_P1_0539_0,0022401058,2025-03-26,regular,BOS,PHX,1,05:39.0,0,HOME,Away Team Ball,Home Team Ball,Overturned,BOS,Successful,Mandatory,,,,,,,,,,,,https://dmmx2.nba.com/videourlredirect?&project=/ON-AIR/0022401058_20250326_222715
20250326_BOSatPHX_P3_0027_0,0022401058,2025-03-26,regular,BOS,PHX,3,00:27.0,0,HOME,Away Team Ball,Home Team Ball,Overturned,BOS,Successful,Non-Mandatory,,,,,,,,,,,,https://dmmx2.nba.com/videourlredirect?&project=/ON-AIR/0022401058_20250326_235624
20250319_CHIatPHX_P4_0104_0,,2025-03-19,unknown,CHI,PHX,4,01:04.0,1,HOME,Away Team Ball,Home Team Ball,Overturned,CHI,Successful,Non-Mandatory,,,,,,,,,,,,https://dmmx2.nba.com/videourlredirect?&project=/ON-AIR/
20241221_DETatPHX_P4_0056_9,0022400387,2024-12-21,regular,DET,PHX,4,00:56.9,0,AWAY,Home Team Ball,Away Team Ball,Overturned,PHX,Successful,Non-Mandatory,,,,,,,,,,,,https://dmmx2.nba.com/videourlredirect?&project=/ON-AIR/0022400387_20241221_232315
20241130_GSWatPHX_P4_0936_0,0022400303,2024-11-30,regular,GSW,PHX,4,09:36.0,0,AWAY,Home Team Ball,Away Team Ball,Overturned,PHX,Successful,Mandatory,,,,,,,,,,,,https://dmmx2.nba.com/videourlredirect?&project=/ON-AIR/0022400303_20241130_225538
20250408_GSWatPHX_P1_0453_0,0022401154,2025-04-08,regular,GSW,PHX,1,04:53.0,0,HOME,Away Team Ball,Away Team Ball,Stands,PHX,Unsuccessful,Mandatory,,,,,,,,,,,,https://dmmx2.nba.com/videourlredirect?&project=/ON-AIR/0022401154_20250408_222038
20250408_GSWatPHX_P3_1134_0,0022401154,2025-04-08,regular,GSW,PHX,3,11:34.0,0,HOME,Away Team Ball,Home Team Ball,Overturned,GSW,Successful,Mandatory,,,,,,,,,,,,https://dmmx2.nba.com/videourlredirect?&project=/ON-AIR/0022401154_20250408_232107
20250330_HOUatPHX_P2_0512_0,0022401088,2025-03-30,regular,HOU,PHX,2,05:12.0,0,HOME,Away Team Ball,Home Team Ball,Overturned,HOU,Successful,Mandatory,,,,,,,,,,,,https://dmmx2.nba.com/videourlredirect?&project=/ON-AIR/0022401088_20250330_215154
20241219_INDatPHX_P3_0926_0,0022400369,2024-12-19,regular,IND,PHX,3,09:26.0,0,AWAY,Home Team Ball,Away Team Ball,Overturned,PHX,Successful,Mandatory,,,,,,,,,,,,https://dmmx2.nba.com/videourlredirect?&project=/ON-AIR/0022400369_20241219_223011
20250127_LACatPHX_P4_0727_0,0022400659,2025-01-27,regular,LAC,PHX,4,07:27.0,0,AWAY,Home Team Ball,Away Team Ball,Overturned,PHX,Successful,Mandatory,,,,,,,,,,,,https://dmmx2.nba.com/videourlredirect?&project=/ON-AIR/0022400659_20250127_232318
20250304_LACatPHX_P4_0233_0,0022400889,2025-03-04,regular,LAC,PHX,4,02:33.0,0,AWAY,Home Team Ball,Away Team Ball,Overturned,PHX,Successful,Non-Mandatory,,,,,,,,,,,,https://dmmx2.nba.com/videourlredirect?&project=/ON-AIR/0022400889_20250305_001848
20241126_LALatPHX_P2_0448_0,0022400039,2024-11-26,regular,LAL,PHX,2,04:48.0,0,HOME,Away Team Ball,Away Team Ball,Stands,PHX,Unsuccessful,Mandatory,,,,,,,,,,,,https://dmmx2.nba.com/videourlredirect?&project=/ON-AIR/0022400039_20241126_224909
20241126_LALatPHX_P2_0432_0,0022400039,2024-11-26,regular,LAL,PHX,2,04:32.0,0,HOME,Away Team Ball,Home Team Ball,Overturned,LAL,Successful,Non-Mandatory,,,,,,,,,,,,https://dmmx2.nba.com/videourlredirect?&project=/ON-AIR/0022400039_20241126_225326
20241231_MEMatPHX_P1_0322_0,0022400453,2024-12-31,regular,MEM,PHX,1,03:22.0,0,AWAY,Home Team Ball,Away Team Ball,Overturned,PHX,Successful,Mandatory,,,,,,,,,,,,https://dmmx2.nba.com/videourlredirect?&project=/ON-AIR/0022400453_20241231_213048
20250211_MEMatPHX_P2_0019_5,0022400767,2025-02-11,regular,MEM,PHX,2,00:19.5,0,AWAY,Home Team Ball,Jump Ball,Overturned,PHX,Successful,Non-Mandatory,,,,,,,,,,,,https://dmmx2.nba.com/videourlredirect?&project=/ON-AIR/0022400767_20250211_230816
20250324_MILatPHX_P4_0837_0,0022401043,2025-03-24,regular,MIL,PHX,4,08:37.0,0,AWAY,Home Team Ball,Away Team Ball,Overturned,PHX,Successful,Mandatory,,,,,,,,,,,,https://dmmx2.nba.com/videourlredirect?&project=/ON-AIR/0022401043_20250325_000225
20250324_MILatPHX_P4_0217_0,0022401043,2025-03-24,regular,MIL,PHX,4,02:17.0,0,HOME,Away Team Ball,Home Team Ball,Overturned,MIL,Successful,Non-Mandatory,,,,,,,,,,,,https://dmmx2.nba.com/videourlredirect?&project=/ON-AIR/0022401043_20250325_002007
20250302_MINatPHX_P4_0135_0,0022400873,2025-03-02,regular,MIN,PHX,4,01:35.0,0,HOME,Away Team Ball,Home Team Ball,Overturned,MIN,Successful,Non-Mandatory,,,,,,,,,,,,https://dmmx2.nba.com/videourlredirect?&project=/ON-AIR/0022400873_20250302_235852
20241120_NYKatPHX_P2_0750_0,0022400257,2024-11-20,regular,NYK,PHX,2,07:50.0,0,HOME,Away Team Ball,Home Team Ball,Overturned,NYK,Successful,Mandatory,,,,,,,,,,,,https://dmmx2.nba.com/videourlredirect?&project=/ON-AIR/0022400257_20241120_225059
20241102_PORatPHX_P1_0649_0,0022400149,2024-11-02,regular,POR,PHX,1,06:49.0,0,HOME,Away Team Ball,Home Team Ball,Overturned,POR,Successful,Mandatory,,,,,,,,,,,,https://dmmx2.nba.com/videourlredirect?&project=/ON-AIR/0022400149_20241102_221849
20241102_PORatPHX_P1_0243_0,0022400149,2024-11-02,regular,POR,PHX,1,02:43.0,0,AWAY,Home Team Ball,Away Team Ball,Overturned,PHX,Successful,Mandatory,,,,,,,,,,,,https://dmmx2.nba.com/videourlredirect?&project=/ON-AIR/0022400149_20241102_222953
20241102_PORatPHX_P4_0413_0,0022400149,2024-11-02,regular,POR,PHX,4,04:13.0,0,AWAY,Home Team Ball,Home Team Ball,Stands,POR,Unsuccessful,Non-Mandatory,,,,,,,,,,,,https://dmmx2.nba.com/videourlredirect?&project=/ON-AIR/0022400149_20241103_000357
20241110_SACatPHX_P2_0221_0,0022400209,2024-11-10,regular,SAC,PHX,2,02:21.0,0,AWAY,Home Team Ball,Home Team Ball,Stands,SAC,Unsuccessful,Non-Mandatory,,,,,,,,,,,,https://dmmx2.nba.com/videourlredirect?&project=/ON-AIR/0022400209_20241110_205641
20250314_SACatPHX_P1_0439_0,0022400967,2025-03-14,regular,SAC,PHX,1,04:39.0,0,AWAY,Home Team Ball,Away Team Ball,Overturned,PHX,Successful,Mandatory,,,,,,,,,,,,https://dmmx2.nba.com/videourlredirect?&project=/ON-AIR/0022400967_20250314_222451
20250411_SASatPHX_P3_0329_0,0022401182,2025-04-11,regular,SAS,PHX,3,03:29.0,0,AWAY,Home Team Ball,Away Team Ball,Overturned,PHX,Successful,Non-Mandatory,,,,,,,,,,,,https://dmmx2.nba.com/videourlredirect?&project=/ON-AIR/0022401182_20250411_233304
20250111_UTAatPHX_P4_0308_0,0022400533,2025-01-11,regular,UTA,PHX,4,03:08.0,0,AWAY,Home Team Ball,Home Team Ball,Stands,UTA,Unsuccessful,Non-Mandatory,,,,,,,,,,,,https://dmmx2.nba.com/videourlredirect?&project=/ON-AIR/0022400533_20250111_191131
20250207_UTAatPHX_P2_0630_0,0022400740,2025-02-07,regular,UTA,PHX,2,06:30.0,0,HOME,Away Team Ball,Home Team Ball,Overturned,UTA,Successful,Mandatory,,,,,,,,,,,,https://dmmx2.nba.com/videourlredirect?&project=/ON-AIR/0022400740_20250207_224859
20241117_ATLatPOR_P4_0412_0,0022400239,2024-11-17,regular,ATL,POR,4,04:12.0,0,HOME,Away Team Ball,Home Team Ball,Overturned,ATL,Successful,Non-Mandatory,,,,,,,,,,,,https://dmmx2.nba.com/videourlredirect?&project=/ON-AIR/0022400239_20241117_201348
20250114_BKNatPOR_P2_0500_0,0022400560,2025-01-14,regular,BKN,POR,2,05:00.0,0,AWAY,Home Team Ball,Away Team Ball,Overturned,POR,Successful,Non-Mandatory,,,,,,,,,,,,https://dmmx2.nba.com/videourlredirect?&project=/ON-AIR/0022400560_20250114_225907
20250119_CHIatPOR_P1_0755_0,0022400597,2025-01-19,regular,CHI,POR,1,07:55.0,0,AWAY,Home Team Ball,Away Team Ball,Overturned,POR,Successful,Mandatory,,,,,,,,,,,,https://dmmx2.nba.com/videourlredirect?&project=/ON-AIR/0022400597_20250119_211912
20250325_CLEatPOR_P2_0542_0,0022401051,2025-03-25,regular,CLE,POR,2,05:42.0,0,HOME,Away Team Ball,Jump Ball,Overturned,CLE,Successful,Mandatory,,,,,,,,,,,,https://dmmx2.nba.com/videourlredirect?&project=/ON-AIR/0022401051_20250325_225023
20250325_CLEatPOR_P4_0532_0,0022401051,2025-03-25,regular,CLE,POR,4,05:32.0,0,HOME,Away Team Ball,Home Team Ball,Overturned,CLE,Successful,Non-Mandatory,,,,,,,,,,,,https://dmmx2.nba.com/videourlredirect?&project=/ON-AIR/0022401051_20250326_000257
20241228_DALatPOR_P4_0940_0,0022400434,2024-12-28,regular,DAL,POR,4,09:40.0,0,HOME,Away Team Ball,Home Team Ball,Overturned,DAL,Successful,Mandatory,,,,,,,,,,,,https://dmmx2.nba.com/videourlredirect?&project=/ON-AIR/0022400434_20241229_000050
20241219_DENatPOR_P3_0517_0,0022400371,2024-12-19,regular,DEN,POR,3,05:17.0,0,HOME,Away Team Ball,Home Team Ball,Overturned,DEN,Successful,Mandatory,,,,,,,,,,,,https://dmmx2.nba.com/videourlredirect?&project=/ON-AIR/0022400371_20241219_233242
20250118_HOUatPOR_P3_0157_0,0022400591,2025-01-18,regular,HOU,POR,3,01:57.0,0,HOME,Away Team Ball,Home Team Ball,Overturned,HOU,Successful,Non-Mandatory,,,,,,,,,,,,https://dmmx2.nba.com/videourlredirect?&project=/ON-AIR/0022400591_20250118_234301
20250116_LACatPOR_P2_0744_0,0022400575,2025-01-16,regular,LAC,POR,2,07:44.0,0,AWAY,Home Team Ball,Away Team Ball,Overturned,POR,Successful,Mandatory,,,,,,,,,,,,https://dmmx2.nba.com/videourlredirect?&project=/ON-AIR/0022400575_20250116_224455
20250116_LACatPOR_P4_0303_0,0022400575,2025-01-16,regular,LAC,POR,4,03:03.0,0,AWAY,Home Team Ball,Away Team Ball,Overturned,POR,Successful,Non-Mandatory,,,,,,,,,,,,https://dmmx2.nba.com/videourlredirect?&project=/ON-AIR/0022400575_20250117_001507
20250220_LALatPOR_P4_0119_0,0022400796,2025-02-20,regular,LAL,POR,4,01:19.0,0,HOME,Away Team Ball,Home Team Ball,Overturned,LAL,Successful,Non-Mandatory,,,,,,,,,,,,https://dmmx2.nba.com/videourlredirect?&project=/ON-AIR/0022400796_20250221_002218
20250413_LALatPOR_P1_0915_0,0022401199,2025-04-13,regular,LAL,POR,1,09:15.0,0,AWAY,Home Team Ball,Away Team Ball,Overturned,POR,Successful,Mandatory,,,,,,,,,,,,https://dmmx2.nba.com/videourlredirect?&project=/ON-AIR/0022401199_20250413_154801
20250413_LALatPOR_P3_0713_0,0022401199,2025-04-13,regular,LAL,POR,3,07:13.0,0,AWAY,Home Team Ball,Away Team Ball,Overturned,POR,Successful,Mandatory,,,,,,,,,,,,https://dmmx2.nba.com/videourlredirect?&project=/ON-AIR/0022401199_20250413_170543
20250319_MEMatPOR_P3_0244_0,0022401008,2025-03-19,regular,MEM,POR,3,02:44.0,0,AWAY,Home Team Ball,Away Team Ball,Overturned,POR,Successful,Non-Mandatory,,,,,,,,,,,,https://dmmx2.nba.com/videourlredirect?&project=/ON-AIR/0022401008_20250319_234313
20241112_MINatPOR_P4_0004_2,0022400008,2024-11-12,regular,MIN,POR,4,00:04.2,0,AWAY,Home Team Ball,Away Team Ball,Overturned,POR,Successful,Non-Mandatory,,,,,,,,,,,,https://dmmx2.nba.com/videourlredirect?&project=/ON-AIR/0022400008_20241113_002410
20241113_MINatPOR_P4_0828_0,0022400226,2024-11-13,regular,MIN,POR,4,08:28.0,0,AWAY,Home Team Ball,Away Team Ball,Overturned,POR,Successful,Mandatory,,,,,,,,,,,,https://dmmx2.nba.com/videourlredirect?&project=/ON-AIR/0022400226_20241114_000052
20241025_NOPatPOR_P4_0120_0,0022400086,2024-10-25,regular,NOP,POR,4,01:20.0,0,HOME,Away Team Ball,Home Team Ball,Overturned,NOP,Successful,Non-Mandatory,,,,,,,,,,,,https://dmmx2.nba.com/videourlredirect?&project=/ON-AIR/0022400086_20241026_002944
20250312_NYKatPOR_P4_0446_0,0022400953,2025-03-12,regular,NYK,POR,4,04:46.0,0,HOME,Away Team Ball,Home Team Ball,Overturned,NYK,Successful,Mandatory,,,,,,,,,,,,https://dmmx2.nba.com/videourlredirect?&project=/ON-AIR/0022400953_20250313_001139
20250312_NYKatPOR_P4_0112_0,0022400953,2025-03-12,regular,NYK,POR,4,01:12.0,0,AWAY,Home Team Ball,Away Team Ball,Overturned,POR,Successful,Non-Mandatory,,,,,,,,,,,,https://dmmx2.nba.com/videourlredirect?&project=/ON-AIR/0022400953_20250313_002401
20250126_OKCatPOR_P3_0017_4,0022400647,2025-01-26,regular,OKC,POR,3,00:17.4,0,HOME,Away Team Ball,Home Team Ball,Overturned,OKC,Successful,Non-Mandatory,,,,,,,,,,,,https://dmmx2.nba.com/videourlredirect?&project=/ON-AIR/0022400647_20250126_195301
20250126_OKCatPOR_P4_0457_0,0022400647,2025-01-26,regular,OKC,POR,4,04:57.0,0,AWAY,Home Team Ball,Home Team Ball,Stands,OKC,Unsuccessful,Non-Mandatory,,,,,,,,,,,,https://dmmx2.nba.com/videourlredirect?&project=/ON-AIR/0022400647_20250126_201925
20241230_PHIatPOR_P1_1124_0,0022400447,2024-12-30,regular,PHI,POR,1,11:24.0,0,AWAY,Home Team Ball,Jump Ball,Overturned,POR,Successful,Mandatory,,,,,,,,,,,,https://dmmx2.nba.com/videourlredirect?&project=/ON-AIR/0022400447_20241230_221515
20250203_PHXatPOR_P5_0349_0,0022400709,2025-02-03,regular,PHX,POR,5,03:49.0,0,HOME,Away Team Ball,Home Team Ball,Overturned,PHX,Successful,Non-Mandatory,,,,,,,,,,,,https://dmmx2.nba.com/videourlredirect?&project=/ON-AIR/0022400709_20250204_002111
20241129_SACatPOR_P2_0245_0,0022400049,2024-11-29,regular,SAC,POR,2,02:45.0,0,HOME,Away Team Ball,Home Team Ball,Overturned,SAC,Successful,Non-Mandatory,,,,,,,,,,,,https://dmmx2.nba.com/videourlredirect?&project=/ON-AIR/0022400049_20241129_230305
20250206_SACatPOR_P4_0924_0,0022400732,2025-02-06,regular,SAC,POR,4,09:24.0,0,AWAY,Home Team Ball,Away Team Ball,Overturned,POR,Successful,Mandatory,,,,,,,,,,,,https://dmmx2.nba.com/videourlredirect?&project=/ON-AIR/0022400732_20250206_235602
20250406_SASatPOR_P3_0204_0,0022401139,2025-04-06,regular,SAS,POR,3,02:04.0,0,HOME,Away Team Ball,Away Team Ball,Stands,POR,Unsuccessful,Non-Mandatory,,,,,,,,,,,,https://dmmx2.nba.com/videourlredirect?&project=/ON-AIR/0022401139_20250406_194531
20241124_BKNatSAC_P1_0354_0,0022400276,2024-11-24,regular,BKN,SAC,1,03:54.0,0,HOME,Away Team Ball,Home Team Ball,Overturned,BKN,Successful,Mandatory,,,,,,,,,,,,https://dmmx2.nba.com/videourlredirect?&project=/ON-AIR/0022400276_20241124_212516
20250324_BOSatSAC_P2_0332_0,0022401044,2025-03-24,regular,BOS,SAC,2,03:32.0,0,HOME,Away Team Ball,Home Team Ball,Overturned,BOS,Successful,Mandatory,,,,,,,,,,,,https://dmmx2.nba.com/videourlredirect?&project=/ON-AIR/0022401044_20250324_225504
20250224_CHAatSAC_P3_0828_0,0022400828,2025-02-24,regular,CHA,SAC,3,08:28.0,0,AWAY,Home Team Ball,Home Team Ball,Stands,CHA,Unsuccessful,Mandatory,,,,,,,,,,,,https://dmmx2.nba.com/videourlredirect?&project=/ON-AIR/0022400828_20250224_233101
20250224_CHAatSAC_P3_0430_0,0022400828,2025-02-24,regular,CHA,SAC,3,04:30.0,0,HOME,Away Team Ball,Away Team Ball,Stands,SAC,Unsuccessful,Non-Mandatory,,,,,,,,,,,,https://dmmx2.nba.com/videourlredirect?&project=/ON-AIR/0022400828_20250224_234040
20241216_DENatSAC_P2_0728_0,0022401225,2024-12-16,regular,DEN,SAC,2,07:28.0,0,HOME,Away Team Ball,Jump Ball,Overturned,DEN,Successful,Non-Mandatory,,,,,,,,,,,,https://dmmx2.nba.com/videourlredirect?&project=/ON-AIR/0022401225_20241216_225334
20241226_DETatSAC_P2_0701_0,0022400418,2024-12-26,regular,DET,SAC,2,07:01.0,0,AWAY,Home Team Ball,Away Team Ball,Overturned,SAC,Successful,Mandatory,,,,,,,,,,,,https://dmmx2.nba.com/videourlredirect?&project=/ON-AIR/0022400418_20241226_225214
20241203_HOUatSAC_P3_0413_0,0022400059,2024-12-03,regular,HOU,SAC,3,04:13.0,0,AWAY,Home Team Ball,Home Team Ball,Stands,HOU,Unsuccessful,Non-Mandatory,,,,,,,,,,,,https://dmmx2.nba.com/videourlredirect?&project=/ON-AIR/0022400059_20241203_234444
20241108_LACatSAC_P2_1102_0,0022400196,2024-11-08,regular,LAC,SAC,2,11:02.0,0,HOME,Away Team Ball,Jump Ball,Overturned,LAC,Successful,Mandatory,,,,,,,,,,,,https://dmmx2.nba.com/videourlredirect?&project=/ON-AIR/0022400196_20241108_224306
20250411_LACatSAC_P3_1034_0,0022401184,2025-04-11,regular,LAC,SAC,3,10:34.0,0,AWAY,Home Team Ball,Away Team Ball,Overturned,SAC,Successful,Mandatory,,,,,,,,,,,,https://dmmx2.nba.com/videourlredirect?&project=/ON-AIR/0022401184_20250411_232346
20250411_LACatSAC_P3_0419_0,0022401184,2025-04-11,regular,LAC,SAC,3,04:19.0,0,HOME,Away Team Ball,Home Team Ball,Overturned,LAC,Successful,Non-Mandatory,,,,,,,,,,,,https://dmmx2.nba.com/videourlredirect?&project=/ON-AIR/0022401184_20250411_233456
20250103_MEMatSAC_P1_0353_0,0022400476,2025-01-03,regular,MEM,SAC,1,03:53.0,0,HOME,Away Team Ball,Home Team Ball,Overturned,MEM,Successful,Mandatory,,,,,,,,,,,,https://dmmx2.nba.com/videourlredirect?&project=/ON-AIR/0022400476_20250103_222614
20250106_MIAatSAC_P1_1146_0,0022400501,2025-01-06,regular,MIA,SAC,1,11:46.0,0,AWAY,Home Team Ball,Away Team Ball,Overturned,SAC,Successful,Mandatory,,,,,,,,,,,,https://dmmx2.nba.com/videourlredirect?&project=/ON-AIR/0022400501_20250106_221120
20250106_MIAatSAC_P4_0813_0,0022400501,2025-01-06,regular,MIA,SAC,4,08:13.0,0,HOME,Away Team Ball,Home Team Ball,Overturned,MIA,Successful,Mandatory,,,,,,,,,,,,https://dmmx2.nba.com/videourlredirect?&project=/ON-AIR/0022400501_20250107_000154
20250322_MILatSAC_P1_0341_0,0022401027,2025-03-22,regular,MIL,SAC,1,03:41.0,0,AWAY,Home Team Ball,Away Team Ball,Overturned,SAC,Successful,Mandatory,,,,,,,,,,,,https://dmmx2.nba.com/videourlredirect?&project=/ON-AIR/0022401027_20250322_222548
20241024_MINatSAC_P2_0919_0,0022400076,2024-10-24,regular,MIN,SAC,2,09:19.0,0,AWAY,Home Team Ball,Away Team Ball,Overturned,SAC,Successful,Mandatory,,,,,,,,,,,,https://dmmx2.nba.com/videourlredirect?&project=/ON-AIR/0022400076_20241024_224619
20241024_MINatSAC_P4_0025_9,0022400076,2024-10-24,regular,MIN,SAC,4,00:25.9,0,HOME,Away Team Ball,Away Team Ball,Stands,SAC,Unsuccessful,Non-Mandatory,,,,,,,,,,,,https://dmmx2.nba.com/videourlredirect?&project=/ON-AIR/0022400076_20241025_002751
20250310_NYKatSAC_P3_0814_0,0022400939,2025-03-10,regular,NYK,SAC,3,08:14.0,0,HOME,Away Team Ball,Home Team Ball,Overturned,NYK,Successful,Non-Mandatory,,,,,,,,,,,,https://dmmx2.nba.com/videourlredirect?&project=/ON-AIR/0022400939_20250311_001415
20241125_OKCatSAC_P4_0730_0,0022400285,2024-11-25,regular,OKC,SAC,4,07:30.0,0,AWAY,Home Team Ball,Home Team Ball,Stands,OKC,Unsuccessful,Mandatory,,,,,,,,,,,,https://dmmx2.nba.com/videourlredirect?&project=/ON-AIR/0022400285_20241126_000048
20250413_PHXatSAC_P2_0032_8,0022401200,2025-04-13,regular,PHX,SAC,2,00:32.8,0,AWAY,Home Team Ball,Away Team Ball,Overturned,SAC,Successful,Non-Mandatory,,,,,,,,,,,,https://dmmx2.nba.com/videourlredirect?&project=/ON-AIR/0022401200_20250413_162924
20241028_PORatSAC_P2_0801_0,0022400112,2024-10-28,regular,POR,SAC,2,08:01.0,0,HOME,Away Team Ball,Home Team Ball,Overturned,POR,Successful,Mandatory,,,,,,,,,,,,https://dmmx2.nba.com/videourlredirect?&project=/ON-AIR/0022400112_20241028_225308
20241116_UTAatSAC_P4_0038_8,0022400233,2024-11-16,regular,UTA,SAC,4,00:38.8,0,AWAY,Home Team Ball,Jump Ball,Overturned,SAC,Successful,Non-Mandatory,,,,,,,,,,,,https://dmmx2.nba.com/videourlredirect?&project=/ON-AIR/0022400233_20241117_002829
20241116_UTAatSAC_P4_0036_1,0022400233,2024-11-16,regular,UTA,SAC,4,00:36.1,0,AWAY,Home Team Ball,Away Team Ball,Overturned,SAC,Successful,Non-Mandatory,,,,,,,,,,,,https://dmmx2.nba.com/videourlredirect?&project=/ON-AIR/0022400233_20241117_003224
20241208_UTAatSAC_P2_0217_0,0022400357,2024-12-08,regular,UTA,SAC,2,02:17.0,0,AWAY,Home Team Ball,Away Team Ball,Overturned,SAC,Successful,Non-Mandatory,,,,,,,,,,,,https://dmmx2.nba.com/videourlredirect?&project=/ON-AIR/0022400357_20241208_220435
20241219_ATLatSAS_P4_0008_2,0022400370,2024-12-19,regular,ATL,SAS,4,00:08.2,0,HOME,Away Team Ball,Jump Ball,Overturned,ATL,Successful,Non-Mandatory,,,,,,,,,,,,https://dmmx2.nba.com/videourlredirect?&project=/ON-AIR/0022400370_20241219_223021
20250329_BOSatSAS_P2_0823_0,0022401080,2025-03-29,regular,BOS,SAS,2,08:23.0,0,HOME,Away Team Ball,Home Team Ball,Overturned,BOS,Successful,Mandatory,,,,,,,,,,,,https://dmmx2.nba.com/videourlredirect?&project=/ON-AIR/0022401080_20250329_204314
20250314_CHAatSAS_P2_0346_0,0022400964,2025-03-14,regular,CHA,SAS,2,03:46.0,0,HOME,Away Team Ball,Home Team Ball,Overturned,CHA,Successful,Mandatory,,,,,,,,,,,,https://dmmx2.nba.com/videourlredirect?&project=/ON-AIR/0022400964_20250314_205341
20250314_CHAatSAS_P4_0455_0,0022400964,2025-03-14,regular,CHA,SAS,4,04:55.0,0,HOME,Away Team Ball,Home Team Ball,Overturned,CHA,Successful,Non-Mandatory,,,,,,,,,,,,https://dmmx2.nba.com/videourlredirect?&project=/ON-AIR/0022400964_20250314_220827
20241026_HOUatSAS_P1_0033_6,0022400094,2024-10-26,regular,HOU,SAS,1,00:33.6,0,AWAY,Home Team Ball,Jump Ball,Overturned,SAS,Successful,Non-Mandatory,,,,,,,,,,,,https://dmmx2.nba.com/videourlredirect?&project=/ON-AIR/0022400094_20241026_210159
20241028_HOUatSAS_P4_0603_0,0022400109,2024-10-28,regular,HOU,SAS,4,06:03.0,0,HOME,Away Team Ball,Home Team Ball,Overturned,HOU,Successful,Mandatory,,,,,,,,,,,,https://dmmx2.nba.com/videourlredirect?&project=/ON-AIR/0022400109_20241028_221053
20250125_INDatSAS_P4_0554_0,0022400633,2025-01-25,regular,IND,SAS,4,05:54.0,0,HOME,Away Team Ball,Home Team Ball,Overturned,IND,Successful,Non-Mandatory,,,,,,,,,,,,https://dmmx2.nba.com/videourlredirect?&project=/ON-AIR/0022400633_20250125_141727
20241208_NOPatSAS_P3_0850_0,0022400354,2024-12-08,regular,NOP,SAS,3,08:50.0,0,AWAY,Home Team Ball,Away Team Ball,Overturned,SAS,Successful,Mandatory,,,,,,,,,,,,https://dmmx2.nba.com/videourlredirect?&project=/ON-AIR/0022400354_20241208_203022
20250315_NOPatSAS_P2_0226_0,0022400973,2025-03-15,regular,NOP,SAS,2,02:26.0,0,HOME,Away Team Ball,Away Team Ball,Stands,SAS,Unsuccessful,Non-Mandatory,,,,,,,,,,,,https://dmmx2.nba.com/videourlredirect?&project=/ON-AIR/0022400973_20250315_213117
20241007_OKCatSAS_P4_1008_0,0012400013,2024-10-07,preseason,OKC,SAS,4,10:08.0,0,HOME,Away Team Ball,Home Team Ball,Overturned,OKC,Successful,Mandatory,,,,,,,,,,,,https://dmmx2.nba.com/videourlredirect?&project=/ON-AIR/0012400013_20241007_214752
20241119_OKCatSAS_P4_0022_4,0022400025,2024-11-19,regular,OKC,SAS,4,00:22.4,0,HOME,Away Team Ball,Away Team Ball,Stands,SAS,Unsuccessful,Non-Mandatory,,,,,,,,,,,,https://dmmx2.nba.com/videourlredirect?&project=/ON-AIR/0022400025_20241119_234842
20250220_PHXatSAS_P4_0605_0,0022400795,2025-02-20,regular,PHX,SAS,4,06:05.0,0,HOME,Away Team Ball,Away Team Ball,Stands,SAS,Unsuccessful,Non-Mandatory,,,,,,,,,,,,https://dmmx2.nba.com/videourlredirect?&project=/ON-AIR/0022400795_20250220_234239
20241111_SACatSAS_P4_0123_0,0022400216,2024-11-11,regular,SAC,SAS,4,01:23.0,0,AWAY,Home Team Ball,Away Team Ball,Overturned,SAS,Successful,Non-Mandatory,,,,,,,,,,,,https://dmmx2.nba.com/videourlredirect?&project=/ON-AIR/0022400216_20241111_221003
20241121_UTAatSAS_P3_0251_0,0022400262,2024-11-21,regular,UTA,SAS,3,02:51.0,0,AWAY,Home Team Ball,Away Team Ball,Overturned,SAS,Successful,Non-Mandatory,,,,,,,,,,,,https://dmmx2.nba.com/videourlredirect?&project=/ON-AIR/0022400262_20241121_214830
20241229_ATLatTOR_P2_0141_0,0022400438,2024-12-29,regular,ATL,TOR,2,01:41.0,0,HOME,Away Team Ball,Home Team Ball,Overturned,ATL,Successful,Non-Mandatory,,,,,,,,,,,,https://dmmx2.nba.com/videourlredirect?&project=/ON-AIR/0022400438_20241229_191051
20250101_BKNatTOR_P3_0002_6,0022400459,2025-01-01,regular,BKN,TOR,3,00:02.6,0,HOME,Away Team Ball,Home Team Ball,Overturned,BKN,Successful,Non-Mandatory,,,,,,,,,,,,https://dmmx2.nba.com/videourlredirect?&project=/ON-AIR/0022400459_20250101_211937
20250328_CHAatTOR_P4_0840_0,0022401069,2025-03-28,regular,CHA,TOR,4,08:40.0,0,HOME,Away Team Ball,Home Team Ball,Overturned,CHA,Successful,Mandatory,,,,,,,,,,,,https://dmmx2.nba.com/videourlredirect?&project=/ON-AIR/0022401069_20250328_212350
20241216_CHIatTOR_P3_0325_0,0022401223,2024-12-16,regular,CHI,TOR,3,03:25.0,0,AWAY,Home Team Ball,Away Team Ball,Overturned,TOR,Successful,Mandatory,,,,,,,,,,,,https://dmmx2.nba.com/videourlredirect?&project=/ON-AIR/0022401223_20241216_211759
20250212_CLEatTOR_P3_0659_0,0022400774,2025-02-12,regular,CLE,TOR,3,06:59.0,0,HOME,Away Team Ball,Home Team Ball,Overturned,CLE,Successful,Mandatory,,,,,,,,,,,,https://dmmx2.nba.com/videourlredirect?&project=/ON-AIR/0022400774_20250212_210402
20241115_DETatTOR_P3_0246_0,0022400011,2024-11-15,regular,DET,TOR,3,02:46.0,0,HOME,Away Team Ball,Home Team Ball,Overturned,DET,Successful,Non-Mandatory,,,,,,,,,,,,https://dmmx2.nba.com/videourlredirect?&project=/ON-AIR/0022400011_20241115_204842
20241115_DETatTOR_P4_0108_0,0022400011,2024-11-15,regular,DET,TOR,4,01:08.0,0,AWAY,Home Team Ball,Home Team Ball,Stands,DET,Unsuccessful,Non-Mandatory,,,,,,,,,,,,https://dmmx2.nba.com/videourlredirect?&project=/ON-AIR/0022400011_20241115_211950
20250404_DETatTOR_P3_0038_4,0022401121,2025-04-04,regular,DET,TOR,3,00:38.4,0,HOME,Away Team Ball,Home Team Ball,Overturned,DET,Successful,Non-Mandatory,,,,,,,,,,,,https://dmmx2.nba.com/videourlredirect?&project=/ON-AIR/0022401121_20250404_212120
20250404_DETatTOR_P4_0407_0,0022401121,2025-04-04,regular,DET,TOR,4,04:07.0,0,AWAY,Home Team Ball,Away Team Ball,Overturned,TOR,Successful,Mandatory,,,,,,,,,,,,https://dmmx2.nba.com/videourlredirect?&project=/ON-AIR/0022401121_20250404_214317
20250205_MEMatTOR_P3_0524_0,0022400722,2025-02-05,regular,MEM,TOR,3,05:24.0,0,HOME,Away Team Ball,Home Team Ball,Overturned,MEM,Successful,Non-Mandatory,,,,,,,,,,,,https://dmmx2.nba.com/videourlredirect?&project=/ON-AIR/0022400722_20250205_210819
20241209_NYKatTOR_P2_0006_0,0022400359,2024-12-09,regular,NYK,TOR,2,00:06.0,0,HOME,Away Team Ball,Home Team Ball,Overturned,NYK,Successful,Non-Mandatory,,,,,,,,,,,,https://dmmx2.nba.com/videourlredirect?&project=/ON-AIR/0022400359_20241209_204048
20250204_NYKatTOR_P2_0822_0,0022400713,2025-02-04,regular,NYK,TOR,2,08:22.0,0,HOME,Away Team Ball,Away Team Ball,Stands,TOR,Unsuccessful,Mandatory,,,,,,,,,,,,https://dmmx2.nba.com/videourlredirect?&project=/ON-AIR/0022400713_20250204_202137
20241025_PHIatTOR_P2_0013_6,0022400078,2024-10-25,regular,PHI,TOR,2,00:13.6,0,HOME,Away Team Ball,Away Team Ball,Stands,TOR,Unsuccessful,Non-Mandatory,,,,,,,,,,,,https://dmmx2.nba.com/videourlredirect?&project=/ON-AIR/0022400078_20241025_202136
20250223_PHXatTOR_P3_0132_0,0022400816,2025-02-23,regular,PHX,TOR,3,01:32.0,0,HOME,Away Team Ball,Home Team Ball,Overturned,PHX,Successful,Non-Mandatory,,,,,,,,,,,,https://dmmx2.nba.com/videourlredirect?&project=/ON-AIR/0022400816_20250223_194925
20250307_UTAatTOR_P4_0755_0,0022400905,2025-03-07,regular,UTA,TOR,4,07:55.0,0,HOME,Away Team Ball,Home Team Ball,Overturned,UTA,Successful,Mandatory,,,,,,,,,,,,https://dmmx2.nba.com/videourlredirect?&project=/ON-AIR/0022400905_20250307_213824
20250310_WASatTOR_P4_0803_0,0022400932,2025-03-10,regular,WAS,TOR,4,08:03.0,0,HOME,Away Team Ball,Away Team Ball,Stands,TOR,Unsuccessful,Mandatory,,,,,,,,,,,,https://dmmx2.nba.com/videourlredirect?&project=/ON-AIR/0022400932_20250310_213016
20250112_BKNatUTA_P2_0937_0,0022400546,2025-01-12,regular,BKN,UTA,2,09:37.0,0,HOME,Away Team Ball,Home Team Ball,Overturned,BKN,Successful,Mandatory,,,,,,,,,,,,https://dmmx2.nba.com/videourlredirect?&project=/ON-AIR/0022400546_20250112_204212
20250112_BKNatUTA_P4_0001_7,0022400546,2025-01-12,regular,BKN,UTA,4,00:01.7,0,AWAY,Home Team Ball,Home Team Ball,Stands,BKN,Unsuccessful,Non-Mandatory,,,,,,,,,,,,https://dmmx2.nba.com/videourlredirect?&project=/ON-AIR/0022400546_20250112_223333
20250321_BOSatUTA_P4_0511_0,0022401020,2025-03-21,regular,BOS,UTA,4,05:11.0,0,HOME,Away Team Ball,Home Team Ball,Overturned,BOS,Successful,Mandatory,,,,,,,,,,,,https://dmmx2.nba.com/videourlredirect?&project=/ON-AIR/0022401020_20250321_233132
20250115_CHAatUTA_P2_0402_0,0022400569,2025-01-15,regular,CHA,UTA,2,04:02.0,0,AWAY,Home Team Ball,Away Team Ball,Overturned,UTA,Successful,Non-Mandatory,,,,,,,,,,,,https://dmmx2.nba.com/videourlredirect?&project=/ON-AIR/0022400569_20250115_215752
20250115_CHAatUTA_P3_0443_0,0022400569,2025-01-15,regular,CHA,UTA,3,04:43.0,0,AWAY,Home Team Ball,Away Team Ball,Overturned,UTA,Successful,Mandatory,,,,,,,,,,,,https://dmmx2.nba.com/videourlredirect?&project=/ON-AIR/0022400569_20250115_223647
20250323_CLEatUTA_P3_0122_0,0022401030,2025-03-23,regular,CLE,UTA,3,01:22.0,0,AWAY,Home Team Ball,Home Team Ball,Stands,CLE,Unsuccessful,Non-Mandatory,,,,,,,,,,,,https://dmmx2.nba.com/videourlredirect?&project=/ON-AIR/0022401030_20250323_171953
20241127_DENatUTA_P1_1002_0,0022400298,2024-11-27,regular,DEN,UTA,1,10:02.0,0,HOME,Away Team Ball,Home Team Ball,Overturned,DEN,Successful,Mandatory,,,,,,,,,,,,https://dmmx2.nba.com/videourlredirect?&project=/ON-AIR/0022400298_20241127_211403
20250303_DETatUTA_P1_0600_0,0022400881,2025-03-03,regular,DET,UTA,1,06:00.0,0,HOME,Away Team Ball,Home Team Ball,Overturned,DET,Successful,Mandatory,,,,,,,,,,,,https://dmmx2.nba.com/videourlredirect?&project=/ON-AIR/0022400881_20250303_212405
20250303_DETatUTA_P2_0803_0,0022400881,2025-03-03,regular,DET,UTA,2,08:03.0,0,HOME,Away Team Ball,Away Team Ball,Stands,UTA,Unsuccessful,Mandatory,,,,,,,,,,,,https://dmmx2.nba.com/videourlredirect?&project=/ON-AIR/0022400881_20250303_215639
20250327_HOUatUTA_P4_1006_0,0022401065,2025-03-27,regular,HOU,UTA,4,10:06.0,0,HOME,Away Team Ball,Home Team Ball,Overturned,HOU,Successful,Mandatory,,,,,,,,,,,,https://dmmx2.nba.com/videourlredirect?&project=/ON-AIR/0022401065_20250327_225410
20250203_INDatUTA_P1_0131_0,0022400707,2025-02-03,regular,IND,UTA,1,01:31.0,0,AWAY,Home Team Ball,Away Team Ball,Overturned,UTA,Successful,Non-Mandatory,,,,,,,,,,,,https://dmmx2.nba.com/videourlredirect?&project=/ON-AIR/0022400707_20250203_213348
20250213_LACatUTA_P2_0113_0,0022401004,2025-02-13,regular,LAC,UTA,2,01:13.0,0,AWAY,Home Team Ball,Home Team Ball,Stands,LAC,Unsuccessful,Non-Mandatory,,,,,,,,,,,,https://dmmx2.nba.com/videourlredirect?&project=/ON-AIR/0022401004_20250213_220311
20241023_MEMatUTA_P1_0808_0,0022400070,2024-10-23,regular,MEM,UTA,1,08:08.0,0,AWAY,Home Team Ball,Away Team Ball,Overturned,UTA,Successful,Mandatory,,,,,,,,,,,,https://dmmx2.nba.com/videourlredirect?&project=/ON-AIR/0022400070_20241023_212231
20241023_MEMatUTA_P4_0124_0,0022400070,2024-10-23,regular,MEM,UTA,4,01:24.0,0,HOME,Away Team Ball,Home Team Ball,Overturned,MEM,Successful,Non-Mandatory,,,,,,,,,,,,https://dmmx2.nba.com/videourlredirect?&project=/ON-AIR/0022400070_20241023_233916
20250325_MEMatUTA_P1_0455_0,0022401050,2025-03-25,regular,MEM,UTA,1,04:55.0,0,AWAY,Home Team Ball,Away Team Ball,Overturned,UTA,Successful,Mandatory,,,,,,,,,,,,https://dmmx2.nba.com/videourlredirect?&project=/ON-AIR/0022401050_20250325_212456
20250325_MEMatUTA_P2_0738_0,0022401050,2025-03-25,regular,MEM,UTA,2,07:38.0,0,AWAY,Home Team Ball,Home Team Ball,Stands,MEM,Unsuccessful,Mandatory,,,,,,,,,,,,https://dmmx2.nba.com/videourlredirect?&project=/ON-AIR/0022401050_20250325_214615
20250127_MILatUTA_P4_0454_0,0022400658,2025-01-27,regular,MIL,UTA,4,04:54.0,0,AWAY,Home Team Ball,Away Team Ball,Overturned,UTA,Successful,Mandatory,,,,,,,,,,,,https://dmmx2.nba.com/videourlredirect?&project=/ON-AIR/0022400658_20250127_230537
20250228_MINatUTA_P1_0336_0,0022400858,2025-02-28,regular,MIN,UTA,1,03:36.0,0,AWAY,Home Team Ball,Away Team Ball,Overturned,UTA,Successful,Mandatory,,,,,,,,,,,,https://dmmx2.nba.com/videourlredirect?&project=/ON-AIR/0022400858_20250228_215453
20250302_NOPatUTA_P3_0823_0,0022400872,2025-03-02,regular,NOP,UTA,3,08:23.0,0,AWAY,Home Team Ball,Away Team Ball,Overturned,UTA,Successful,Mandatory,,,,,,,,,,,,https://dmmx2.nba.com/videourlredirect?&project=/ON-AIR/0022400872_20250302_212040
20241228_PHIatUTA_P4_0041_2,0022400433,2024-12-28,regular,PHI,UTA,4,00:41.2,0,HOME,Away Team Ball,Home Team Ball,Overturned,PHI,Successful,Non-Mandatory,,,,,,,,,,,,https://dmmx2.nba.com/videourlredirect?&project=/ON-AIR/0022400433_20241228_235737
20241228_PHIatUTA_P4_0008_9,0022400433,2024-12-28,regular,PHI,UTA,4,00:08.9,0,HOME,Away Team Ball,Home Team Ball,Overturned,PHI,Successful,Non-Mandatory,,,,,,,,,,,,https://dmmx2.nba.com/videourlredirect?&project=/ON-AIR/0022400433_20241229_000419
20250409_PORatUTA_P1_0819_0,0022401162,2025-04-09,regular,POR,UTA,1,08:19.0,0,HOME,Away Team Ball,Home Team Ball,Overturned,POR,Successful,Mandatory,,,,,,,,,,,,https://dmmx2.nba.com/videourlredirect?&project=/ON-AIR/0022401162_20250409_211528
20250409_PORatUTA_P3_1048_0,0022401162,2025-04-09,regular,POR,UTA,3,10:48.0,0,HOME,Away Team Ball,Home Team Ball,Overturned,POR,Successful,Mandatory,,,,,,,,,,,,https://dmmx2.nba.com/videourlredirect?&project=/ON-AIR/0022401162_20250409_222239
20241031_SASatUTA_P4_1148_0,0022400130,2024-10-31,regular,SAS,UTA,4,11:48.0,0,HOME,Away Team Ball,Home Team Ball,Overturned,SAS,Successful,Mandatory,,,,,,,,,,,,https://dmmx2.nba.com/videourlredirect?&project=/ON-AIR/0022400130_20241031_225415
20250319_WASatUTA_P3_0013_6,0022400627,2025-03-19,regular,WAS,UTA,3,00:13.6,0,AWAY,Home Team Ball,Away Team Ball,Overturned,UTA,Successful,Non-Mandatory,,,,,,,,,,,,https://dmmx2.nba.com/videourlredirect?&project=/ON-AIR/0022400627_20250319_224133
20241122_BOSatWAS_P2_0327_0,0022400028,2024-11-22,regular,BOS,WAS,2,03:27.0,0,AWAY,Home Team Ball,Home Team Ball,Stands,BOS,Unsuccessful,Non-Mandatory,,,,,,,,,,,,https://dmmx2.nba.com/videourlredirect?&project=/ON-AIR/0022400028_20241122_200030
20241219_CHAatWAS_P4_0312_0,0022400362,2024-12-19,regular,CHA,WAS,4,03:12.0,0,AWAY,Home Team Ball,Away Team Ball,Overturned,WAS,Successful,Non-Mandatory,,,,,,,,,,,,https://dmmx2.nba.com/videourlredirect?&project=/ON-AIR/0022400362_20241219_211800
20241226_CHAatWAS_P4_0159_0,0022400412,2024-12-26,regular,CHA,WAS,4,01:59.0,0,HOME,Away Team Ball,Home Team Ball,Overturned,CHA,Successful,Non-Mandatory,,,,,,,,,,,,https://dmmx2.nba.com/videourlredirect?&project=/ON-AIR/0022400412_20241226_212044
20241026_CLEatWAS_P3_0134_0,0022400090,2024-10-26,regular,CLE,WAS,3,01:34.0,0,HOME,Away Team Ball,Home Team Ball,Overturned,CLE,Successful,Non-Mandatory,,,,,,,,,,,,https://dmmx2.nba.com/videourlredirect?&project=/ON-AIR/0022400090_20241026_205035
20241127_LACatWAS_P2_0708_0,0022400291,2024-11-27,regular,LAC,WAS,2,07:08.0,0,AWAY,Home Team Ball,Away Team Ball,Overturned,WAS,Successful,Mandatory,,,,,,,,,,,,https://dmmx2.nba.com/videourlredirect?&project=/ON-AIR/0022400291_20241127_194838
20241102_MIAatWAS_P3_0427_0,,2024-11-02,unknown,MIA,WAS,3,04:27.0,1,AWAY,Home Team Ball,Home Team Ball,Stands,MIA,Unsuccessful,Mandatory,,,,,,,,,,,,https://dmmx2.nba.com/videourlredirect?&project=/ON-AIR/
20250113_MINatWAS_P3_0750_0,0022400548,2025-01-13,regular,MIN,WAS,3,07:50.0,0,HOME,Away Team Ball,Jump Ball,Overturned,MIN,Successful,Mandatory,,,,,,,,,,,,https://dmmx2.nba.com/videourlredirect?&project=/ON-AIR/0022400548_20250113_202645
20250112_OKCatWAS_P3_1027_0,0022400545,2025-01-12,regular,OKC,WAS,3,10:27.0,0,HOME,Away Team Ball,Home Team Ball,Overturned,OKC,Successful,Mandatory,,,,,,,,,,,,https://dmmx2.nba.com/videourlredirect?&project=/ON-AIR/0022400545_20250112_192738
20250321_ORLatWAS_P1_0423_0,0022401014,2025-03-21,regular,ORL,WAS,1,04:23.0,0,HOME,Away Team Ball,Home Team Ball,Overturned,ORL,Successful,Mandatory,,,,,,,,,,,,https://dmmx2.nba.com/videourlredirect?&project=/ON-AIR/0022401014_20250321_192405
20250321_ORLatWAS_P3_0341_0,0022401014,2025-03-21,regular,ORL,WAS,3,03:41.0,0,AWAY,Home Team Ball,Away Team Ball,Overturned,WAS,Successful,Non-Mandatory,,,,,,,,,,,,https://dmmx2.nba.com/videourlredirect?&project=/ON-AIR/0022401014_20250321_203540
20250409_PHIatWAS_P3_0718_0,0022401157,2025-04-09,regular,PHI,WAS,3,07:18.0,0,AWAY,Home Team Ball,Away Team Ball,Overturned,WAS,Successful,Mandatory,,,,,,,,,,,,https://dmmx2.nba.com/videourlredirect?&project=/ON-AIR/0022401157_20250409_203131
20250409_PHIatWAS_P4_0946_0,0022401157,2025-04-09,regular,PHI,WAS,4,09:46.0,0,HOME,Away Team Ball,Home Team Ball,Overturned,PHI,Successful,Mandatory,,,,,,,,,,,,https://dmmx2.nba.com/videourlredirect?&project=/ON-AIR/0022401157_20250409_210154
20250116_PHXatWAS_P1_0538_0,0022400573,2025-01-16,regular,PHX,WAS,1,05:38.0,0,HOME,Away Team Ball,Home Team Ball,Overturned,PHX,Successful,Mandatory,,,,,,,,,,,,https://dmmx2.nba.com/videourlredirect?&project=/ON-AIR/0022400573_20250116_192604
20250226_PORatWAS_P1_0632_0,0022400839,2025-02-26,regular,POR,WAS,1,06:32.0,0,HOME,Away Team Ball,Home Team Ball,Overturned,POR,Successful,Mandatory,,,,,,,,,,,,https://dmmx2.nba.com/videourlredirect?&project=/ON-AIR/0022400839_20250226_192531
20250305_UTAatWAS_P4_0747_0,0022400894,2025-03-05,regular,UTA,WAS,4,07:47.0,0,HOME,Away Team Ball,Away Team Ball,Stands,WAS,Unsuccessful,Mandatory,,,,,,,,,,,,https://dmmx2.nba.com/videourlredirect?&project=/ON-AIR/0022400894_20250305_205922
20250305_UTAatWAS_P4_0612_0,0022400894,2025-03-05,regular,UTA,WAS,4,06:12.0,0,HOME,Away Team Ball,Home Team Ball,Overturned,UTA,Successful,Mandatory,,,,,,,,,,,,https://dmmx2.nba.com/videourlredirect?&project=/ON-AIR/0022400894_20250305_210907
